Index,Address,FLAG,Avg min between sent tnx,Avg min between received tnx,Time Diff between first and last (Mins),Sent tnx,Received Tnx,Number of Created Contracts,Unique Received From Addresses,Unique Sent To Addresses,min value received,max value received ,avg val received,min val sent,max val sent,avg val sent,min value sent to contract,max val sent to contract,avg value sent to contract,total transactions (including tnx to create contract,total Ether sent,total ether received,total ether sent contracts,total ether balance, Total ERC20 tnxs, ERC20 total Ether received, ERC20 total ether sent, ERC20 total Ether sent contract, ERC20 uniq sent addr, ERC20 uniq rec addr, ERC20 uniq sent addr, ERC20 uniq rec contract addr, ERC20 avg time between sent tnx, ERC20 avg time between rec tnx, ERC20 avg time between rec 2 tnx, ERC20 avg time between contract tnx, ERC20 min val rec, ERC20 max val rec, ERC20 avg val rec, ERC20 min val sent, ERC20 max val sent, ERC20 avg val sent, ERC20 min val sent contract, ERC20 max val sent contract, ERC20 avg val sent contract, ERC20 uniq sent token name, ERC20 uniq rec token name, ERC20 most sent token type, ERC20_most_rec_token_type
1,0x0020731604c882cf7bf8c444be97d17b19ea4316,1,1457.31,34.12,4815.43,3,13,0,10,3,1,2.501052,1.348445,1.000875,11.277872,5.842916,0,0,0,16,17.52874745,17.52978485,0,0.0010374,,,,,,,,,,,,,,,,,,,,,,,,,
2,0x002bf459dc58584d58886169ea0e80f3ca95ffaf,1,3976.5,834.77,9622.53,2,2,0,1,2,0.586269,0.947515,0.766892,0.585408,0.947284,0.766346,0,0,0,4,1.53269261,1.53378461,0,0.001092,1,1.337,0,0,0,1,0,1,0,0,0,0,1.337,1.337,1.337,0,0,0,0,0,0,0,1, ,Blockwell say NOTSAFU
3,0x002f0c8119c16d310342d869ca8bf6ace34d9c39,1,112.9,31.87,321.42,2,3,0,3,1,0.00102,0.8178,0.439607,0.50039,0.817506,0.658948,0,0,0,5,1.317896,1.31882,0,0.000924,1,1.337,0,0,0,1,0,1,0,0,0,0,1.337,1.337,1.337,0,0,0,0,0,0,0,1, ,Blockwell say NOTSAFU
4,0x0059b14e35dab1b4eee1e2926c7a5660da66f747,1,2300.37,65.1,73091,29,98,0,89,26,0.000784,15.729068,0.383225,0,36.7,1.314957,0,0,0,127,38.13376706,37.55604606,0,-0.577721002,96,142677.3829,120354.7684,0,6,55,0,37,0,0,0,0,0,26436.081,1954.484697,0,81324.0746,5232.816018,0,0,0,22,37,OCoin,OCoin
5,0x005b9f4516f8e640bbe48136901738b323c53b00,1,0,0,0,0,0,0,0,0,0,0,0,0,0,0,0,0,0,0,0,0,0,0,,,,,,,,,,,,,,,,,,,,,,,,,
6,0x00650a784ee109797ba8c05f3496bdbf2b2b7a1c,1,59129.36,0,118258.72,2,1,0,1,2,0.68,0.68,0.68,0.0033,0.676,0.33965,0,0,0,3,0.6793,0.68,0,0.0007,1,14,0,0,0,1,0,1,0,0,0,0,14,14,14,0,0,0,0,0,0,0,1, ,ELF
7,0x0084515449b037205a33d6d3940a5684126aa4b5,1,1819.9,638.12,8744.77,2,8,0,7,2,0,1.01947,0.343872,0.74909,2.000162,1.374626,0,0,0,10,2.74925268,2.75097468,0,0.001722,1,13.37,0,0,0,1,0,1,0,0,0,0,13.37,13.37,13.37,0,0,0,0,0,0,0,1, ,Blockwell say NOTSAFU
8,0x008f3db10374099a11ec263415cb88c952abeedc,1,6556.08,255.89,53728.05,8,5,0,4,8,0.0001,50,23.40002,11.996572,15,14.624572,0,0,0,13,116.996572,117.0001,0,0.003528,1,1386.486552,0,0,0,1,0,1,0,0,0,0,1386.486552,1386.486552,1386.486552,0,0,0,0,0,0,0,1, ,XENON
9,0x00c8bd3cd1e649a3fd2a89b3edc1c2ab631227a0,1,0,0,0,0,0,0,0,0,0,0,0,0,0,0,0,0,0,0,0,0,0,0,1,1.337,0,0,0,1,0,1,0,0,0,0,1.337,1.337,1.337,0,0,0,0,0,0,0,1, ,Blockwell say NOTSAFU
10,0x00d07f8c2194f14c8d694680f2b8c0be66d4d5e9,1,0,0,0,0,1,0,1,0,0.000683,0.000683,0.000683,0,0,0,0,0,0,1,0,0.000683003,0,0.000683003,1,13.37,0,0,0,1,0,1,0,0,0,0,13.37,13.37,13.37,0,0,0,0,0,0,0,1, ,Blockwell say NOTSAFU
11,0x00e01a648ff41346cdeb873182383333d2184dd1,1,28504.65,104.43,429867.15,15,22,0,21,13,0.425099,49.999314,9.10075,0,25,13.33,0,0,0,37,199.95,200.2164943,0,0.26649427,50,29853.23469,208.7350508,0,1,35,0,30,0,0,0,0,0,20180.614,635.175206,0,208.735045,69.57835,0,0,0,3,30,Civic,Ethos
12,0x00eb6f5199cd0b671da371969b1a0f948e982fea,1,0,1460.98,34968.12,1,22,0,15,1,0.051,8.99,1.456564,29.535269,29.535269,29.535269,0,0,0,23,29.53526877,32.04440777,0,2.509139,3,100.337,0,0,0,3,0,3,0,0,0,0,0,99,33.445667,0,0,0,0,0,0,0,3, ,Blockwell say NOTSAFU
13,0x011da0ab16577cbb73374a5b9b869d66253150e7,1,0,0,0,0,0,0,0,0,0,0,0,0,0,0,0,0,0,0,0,0,0,0,2,1.337,0,0,0,2,0,2,0,0,0,0,0,1.337,0.6685,0,0,0,0,0,0,0,2, ,Blockwell say NOTSAFU
14,0x0153775362c3071c1860e8dbfd53ccc82fa226f5,1,0,0,15432.58,1,1,0,1,1,1,1,1,0.999538,0.999538,0.999538,0,0,0,2,0.999538,1,0,0.000462,,,,,,,,,,,,,,,,,,,,,,,,,
15,0x015f17e2851ea392351b7f259e4cfd03dc443cef,1,0,0,0,0,1,0,1,0,0.00154,0.00154,0.00154,0,0,0,0,0,0,1,0,0.00154,0,0.00154,,,,,,,,,,,,,,,,,,,,,,,,,
16,0x015fca1d09287823e634ae51237ee1eeff03d9d5,1,0,5065.38,15991.88,1,3,0,3,1,0.00006,0.6771,0.258731,0.775651,0.775651,0.775651,0,0,0,4,0.775651,0.776194,0,0.000543,1,13.37,0,0,0,1,0,1,0,0,0,0,13.37,13.37,13.37,0,0,0,0,0,0,0,1, ,Blockwell say NOTSAFU
17,0x0167409e6106ec3e3f05a09fcf04606918d21ad5,1,259.52,2.6,4417.03,17,2,5,2,6,0.003349,0.07,0.036675,0,0.044494,0.003218,0,0,0,24,0.054713631,0.073349,0,0.01863537,,,,,,,,,,,,,,,,,,,,,,,,,
18,0x016c0261c48d089ac26d0a48f840c9a9d5e203dd,1,0,0,0,0,0,0,0,0,0,0,0,0,0,0,0,0,0,0,0,0,0,0,1,1.337,0,0,0,1,0,1,0,0,0,0,1.337,1.337,1.337,0,0,0,0,0,0,0,1, ,Blockwell say NOTSAFU
19,0x017f86b90a46d8fd999eaefda1339355b98da12f,1,0,0,26040.53,1,1,0,1,1,0.5,0.5,0.5,0.499139,0.499139,0.499139,0,0,0,2,0.499139,0.5,0,0.000861,1,13.37,0,0,0,1,0,1,0,0,0,0,13.37,13.37,13.37,0,0,0,0,0,0,0,1, ,Blockwell say NOTSAFU
20,0x018f2f4b3c9e38607aa7ab4dea23e9d663e3e050,1,0,24.43,370.03,1,2,0,2,1,0.9,2.6,1.75,3.499139,3.499139,3.499139,0,0,0,3,3.499139,3.5,0,0.000861,1,1.337,0,0,0,1,0,1,0,0,0,0,1.337,1.337,1.337,0,0,0,0,0,0,0,1, ,Blockwell say NOTSAFU
21,0x024c344da7208e60356378a252dab771c34be111,1,0,269.49,16083.67,1,21,0,21,1,0.0003,3.987536,0.815339,17.121073,17.121073,17.121073,0,0,0,22,17.12107329,17.12212329,0,0.00105,1,1.337,0,0,0,1,0,1,0,0,0,0,1.337,1.337,1.337,0,0,0,0,0,0,0,1, ,Blockwell say NOTSAFU
22,0x02673ebfbfaed5891f6b14248b0e2753a8758fbf,1,0,0,1648.68,1,1,0,1,1,0.1,0.1,0.1,0.09845,0.09845,0.09845,0,0,0,2,0.09845,0.1,0,0.00155,,,,,,,,,,,,,,,,,,,,,,,,,
23,0x02d0b53ec925f5c5907eb3dd85bededaa4362564,1,1226.72,1037.84,31512.92,2,28,0,25,2,0.001,1,0.373209,1.85895,8.588816,5.223883,0,0,0,30,10.44776569,10.44986569,0,0.0021,3,13.37,0,0,0,3,0,3,0,0,0,0,0,13.37,4.456667,0,0,0,0,0,0,0,3, ,Blockwell say NOTSAFU
24,0x02d1347abe00beaa073058b1414722cdcc31abb3,1,0,8.97,4388.13,1,2,0,2,1,0.5,1.587594,1.043797,2.086733,2.086733,2.086733,0,0,0,3,2.0867329,2.0875939,0,0.000861,1,13.37,0,0,0,1,0,1,0,0,0,0,13.37,13.37,13.37,0,0,0,0,0,0,0,1, ,Blockwell say NOTSAFU
25,0x02f4a464eebb46a50dd087074d7a2cf3f5a3598b,1,0,39557.38,197786.92,0,5,1,3,0,0,0,0,0,0,0,0,0,0,6,0,0,0,0,,,,,,,,,,,,,,,,,,,,,,,,,
26,0x02fd82cba3bae39484d5eb7f75b5f3d5f418c691,1,0,3637.35,527415.48,0,145,1,87,0,0,8.6,0.496212,0,0,0,0,0,0,146,0,71.95072335,0,71.95072335,,,,,,,,,,,,,,,,,,,,,,,,,
27,0x0310c4385311d225cbcaca26fefc9ab45d3eba3e,1,3871.61,159.54,8860.02,2,7,0,7,2,0.059521,0.59,0.287483,0.480147,1.528516,1.004331,0,0,0,9,2.008662961,2.012379961,0,0.003717,,,,,,,,,,,,,,,,,,,,,,,,,
28,0x0387cfc283ffcf25a4a6a61e832545bbeb7c8fda,1,1566.74,412.68,7092.3,4,2,0,2,4,0.379,3.4,1.8895,0.1,2.048576,0.943994,0,0,0,6,3.775976,3.779,0,0.003024,,,,,,,,,,,,,,,,,,,,,,,,,
29,0x03b70dc31abf9cf6c1cf80bfeeb322e8d3dbb4ca,1,3545.11,8300.42,341014.55,40,24,0,21,28,0.002652,2.392606,0.450844,0,1.908508,0.270272,0,0,0,64,10.81088587,10.82025598,0,0.009370107,3,37492.16326,37492.16326,0,1,2,0,1,0,0,0,0,16278.05937,21214.1039,18746.08163,37492.16326,37492.16326,37492.16326,0,0,0,1,1,Fortecoin,Fortecoin
30,0x03e115d99f005f9df8accec3f3d07f54b593ee96,1,0,0,410.85,1,1,0,1,1,4,4,4,3.994951,3.994951,3.994951,0,0,0,2,3.994951,4,0,0.005049,1,1.337,0,0,0,1,0,1,0,0,0,0,1.337,1.337,1.337,0,0,0,0,0,0,0,1, ,Blockwell say NOTSAFU
31,0x03f034fb47965123ea4148e3147e2cfdc5b1f7a5,1,9999.38,8870.62,506263.28,32,21,0,14,32,0.1,7,1.02597,0.00015,6.99,0.671358,0,0,0,53,21.48345,21.54536359,0,0.061913592,5,1477.37,0,0,0,4,0,5,0,0,0,0,0,1000,295.474,0,0,0,0,0,0,0,5, ,ROOMDAO COIN (RDC)
32,0x0400f72bca103add12c6793d6194d041983e150a,1,0,0,0,0,0,0,0,0,0,0,0,0,0,0,0,0,0,0,0,0,0,0,,,,,,,,,,,,,,,,,,,,,,,,,
33,0x043375ebc36fff7a4fcef1359f3c89afddf56e08,1,5714.26,1151.26,91554.32,13,15,0,12,6,0,9.995,1.81406,0,8.999139,2.142332,0,0,0,28,27.8503163,27.21089717,0,-0.639419125,3,2300.865464,2299.528464,0,1,2,0,2,0,0,0,0,1.337,2299.528464,1150.432732,2299.528464,2299.528464,2299.528464,0,0,0,1,2,Vezt,Blockwell say NOTSAFU
34,0x046e3a705d9bcd0e53d2b45161b48e39f4bc4090,1,140.5,0,281,2,1,0,1,2,5,5,5,2.496937,2.5,2.498469,0,0,0,3,4.99693738,5,0,0.00306262,1,13.37,0,0,0,1,0,1,0,0,0,0,13.37,13.37,13.37,0,0,0,0,0,0,0,1, ,Blockwell say NOTSAFU
35,0x04727c2bb15f2b83e7d3ce88b008aa68dccea0c4,1,0,0,102.67,1,1,0,1,1,0.001,0.001,0.001,0.0001,0.0001,0.0001,0,0,0,2,0.0001,0.001,0,0.0009,,,,,,,,,,,,,,,,,,,,,,,,,
36,0x049b01966f721db6ec76097043e9d6eccaf719b6,1,13251.47,8664,280824.52,14,11,0,10,11,0.004591,2,0.366056,0,2,0.296909,0,0,0,25,4.156725714,4.026616943,0,-0.130108771,9,627560.1052,607301.96,0,2,7,0,7,0,0,0,0,0,600000,89651.4436,7301.96,600000,303650.98,0,0,0,2,7,Merculet,Merculet
37,0x04a96f1b6f661793787b527f3114f33d7e413b4d,1,0,0,0,0,0,0,0,0,0,0,0,0,0,0,0,0,0,0,0,0,0,0,1,13.37,0,0,0,1,0,1,0,0,0,0,13.37,13.37,13.37,0,0,0,0,0,0,0,1, ,Blockwell say NOTSAFU
38,0x051005cdcecd916fb8b98643d923646acc7e07cd,1,481.15,945.99,29823.23,3,30,0,26,1,0.001111,6.366482,0.974037,1,14.218517,9.739506,0,0,0,33,29.21851686,29.22109986,0,0.002583,1,1.337,0,0,0,1,0,1,0,0,0,0,1.337,1.337,1.337,0,0,0,0,0,0,0,1, ,Blockwell say NOTSAFU
39,0x052f585fa599bfb4bed290ff30c057627ccd8059,1,0,629.46,3704.55,1,2,0,2,1,0.004,0.12,0.062,0.1,0.1,0.1,0,0,0,3,0.1,0.124,0,0.024,,,,,,,,,,,,,,,,,,,,,,,,,
40,0x054aa7a66dcdf5fd76a3914fb5e02650c1afa65b,1,0,0,0,0,0,0,0,0,0,0,0,0,0,0,0,0,0,0,0,0,0,0,1,13.37,0,0,0,1,0,1,0,0,0,0,13.37,13.37,13.37,0,0,0,0,0,0,0,1, ,Blockwell say NOTSAFU
41,0x058e49378461c239dae065114cd9fa1c0dbc25c1,1,935.49,288.71,23063.03,12,41,0,39,10,0.001,10,1.24261,0,48.1364,4.244608,0,0,0,53,50.93530057,50.94702061,0,0.01172004,1,100,0,0,0,1,0,1,0,0,0,0,100,100,100,0,0,0,0,0,0,0,1, ,blockwell.ai KYC Casper Token
42,0x059615ea15f7f0e2a276103127bbace30223d294,1,0,5566.96,47810.23,1,5,0,5,1,0.461128,0.8,0.552226,2.759049,2.759049,2.759049,0,0,0,6,2.759049,2.761128,0,0.002079,1,1.337,0,0,0,1,0,1,0,0,0,0,1.337,1.337,1.337,0,0,0,0,0,0,0,1, ,Blockwell say NOTSAFU
43,0x0596e5e05fd430f7d83b38b23e250bfa98900d7f,1,376.37,4554.35,19346.52,3,4,0,4,2,0.016771,0.796,0.408193,0.04226,1.258789,0.543613,0,0,0,7,1.63083851,1.63277051,0,0.001932,1,0,100,0,1,0,0,0,0,0,0,0,0,0,0,100,100,100,0,0,0,1,0,blockwell.ai KYC Casper Token, 
44,0x05dd62c007cde143b402fa5da3937c40c70b4b14,1,8921.53,538.88,126876.83,8,103,0,101,5,0.005,420,6.07761,0,250,78.248789,0,0,0,111,625.990313,625.9938806,0,0.003567522,6,12262.38466,12261.04766,0,1,4,0,4,0,0,0,0,0,10389.14506,3065.596166,1871.902601,10389.14506,6130.523832,0,0,0,2,4,XENON,XENON
45,0x05e18136f048d648ee73dd5d269d590ff2873c33,1,0,442.24,7647.73,1,15,0,14,1,0.1,19.266296,2.71094,40.663235,40.663235,40.663235,0,0,0,16,40.66323508,40.66409608,0,0.000861,,,,,,,,,,,,,,,,,,,,,,,,,
46,0x05e3650bfc907cc1b3c774f0c053c8b990ce1a4b,1,0,0,0,0,0,0,0,0,0,0,0,0,0,0,0,0,0,0,0,0,0,0,,,,,,,,,,,,,,,,,,,,,,,,,
47,0x05e5061133f752ea565f40f1e755d9604c313bc9,1,113084.05,0,226168.1,2,1,0,1,2,1,1,1,0.1,0.896682,0.498341,0,0,0,3,0.996682,1,0,0.003318,5,222.4467836,0,0,0,5,0,5,0,0,0,0,0,201.446784,44.489357,0,0,0,0,0,0,0,5, ,XENON
48,0x05e85d73eaf6fef228294fdf867abba98552a99f,1,2007.34,87.19,6370.78,3,4,0,2,3,0.007082,1.64,0.431776,0.000556,1.6,0.566852,0,0,0,7,1.7005555,1.72710242,0,0.02654692,1,1.337,0,0,0,1,0,1,0,0,0,0,1.337,1.337,1.337,0,0,0,0,0,0,0,1, ,Blockwell say NOTSAFU
49,0x05f71263372ac109cd13faa86d13a0e5830fcedc,1,0,0,0,0,1,0,1,0,0.5,0.5,0.5,0,0,0,0,0,0,1,0,0.5,0,0.5,1,1.337,0,0,0,1,0,1,0,0,0,0,1.337,1.337,1.337,0,0,0,0,0,0,0,1, ,Blockwell say NOTSAFU
50,0x05fbf1e3f105df6a4553f3c7f2ed93070a4bab46,1,76.43,341.23,24937.17,45,63,0,50,33,0.000315,49.9,1.499907,0,105.55,3.396667,0,0,0,108,152.85,94.49412852,0,-58.35587148,108,1095772.784,921362.1696,0,6,45,0,37,0,0,0,0,0,430066.2,15010.58608,0,454944.208,26324.63342,0,0,0,28,37,OmiseGO,OmiseGO
51,0x06091b32533835265bfa6ef8b32b04747ba77bb2,1,21.68,369.91,6005.32,4,16,0,16,2,0.001676,2.770609,1.071856,0.5,14.146761,4.286585,0,0,0,20,17.14634108,17.14969723,0,0.00335615,1,1.337,0,0,0,1,0,1,0,0,0,0,1.337,1.337,1.337,0,0,0,0,0,0,0,1, ,Blockwell say NOTSAFU
52,0x0628b88c7a677773f7a22d408a8e694207701e72,1,0,0,0,0,0,0,0,0,0,0,0,0,0,0,0,0,0,0,0,0,0,0,,,,,,,,,,,,,,,,,,,,,,,,,
53,0x0642e5db00442400868546d5f8e21581dfe4f072,1,0,0,0,0,0,0,0,0,0,0,0,0,0,0,0,0,0,0,0,0,0,0,,,,,,,,,,,,,,,,,,,,,,,,,
54,0x0669398307efefb60030ff328a0cb6a3a840182c,1,0,1201.83,50477,0,42,1,10,0,0,13,2.081817,0,0,0,0,0,0,43,0,87.4363053,0,87.4363053,2,21.9,0,21.9,0,1,1,1,0,0,0,0,21.9,21.9,21.9,0,0,0,0,0,0,0,1, ,Celer Network
55,0x069757a3dfd227e39493890e83de11598bfc7f85,1,0,0,0,0,0,0,0,0,0,0,0,0,0,0,0,0,0,0,0,0,0,0,,,,,,,,,,,,,,,,,,,,,,,,,
56,0x0697f9d4db21472b3461aa07be39b16cd5b56eca,1,11663.89,158.31,40532.58,3,35,0,28,3,0,3.99,0.748651,0,16.199523,8.733174,0,0,0,38,26.19952346,26.20278288,0,0.003259418,5,3495.337,1994,0,1,3,0,4,0,0,0,0,0,1994,873.83425,1994,1994,1994,0,0,0,1,4,DADI,Free BOB Tokens - BobsRepair.com
57,0x069a6761e9897ced3f5d13f4aa9ad745e526c913,1,0,34540.87,172704.37,0,5,1,3,0,0,0,0,0,0,0,0,0,0,6,0,0,0,0,,,,,,,,,,,,,,,,,,,,,,,,,
58,0x071cf579507dd0661845694f709e68cf7ea506a4,1,0,0,0,0,0,0,0,0,0,0,0,0,0,0,0,0,0,0,0,0,0,0,1,13.37,0,0,0,1,0,1,0,0,0,0,13.37,13.37,13.37,0,0,0,0,0,0,0,1, ,Blockwell say NOTSAFU
59,0x07315f6ddf3348c6d5f561ca6cb7451f103075aa,1,0,290.22,2698.07,1,2,0,1,1,0.27787,0.590574,0.434222,0.868234,0.868234,0.868234,0,0,0,3,0.86823351,0.86844351,0,0.00021,,,,,,,,,,,,,,,,,,,,,,,,,
60,0x07425527076b4f73b5616716dda54fb14cf1219e,1,0,0,4511.43,1,1,0,1,1,0.60078,0.60078,0.60078,0.599951,0.599951,0.599951,0,0,0,2,0.599950713,0.600780486,0,0.000829773,,,,,,,,,,,,,,,,,,,,,,,,,
61,0x074f95064a579de2287b21b6ed33033c18cb80ef,1,0,0,0,0,0,0,0,0,0,0,0,0,0,0,0,0,0,0,0,0,0,0,3,1.337,0,0,0,2,0,2,0,0,0,0,0,1.337,0.445667,0,0,0,0,0,0,0,2, ,Tronix
62,0x0755e59d505c9b473aec50b476df3ea2045739aa,1,0,151.12,987.17,1,5,0,4,1,0.09,1.525676,0.542196,2.709404,2.709404,2.709404,0,0,0,6,2.70940422,2.71097922,0,0.001575,,,,,,,,,,,,,,,,,,,,,,,,,
63,0x075dc757633700b257e090d62b62aac5997a99d4,1,0,0,13480.93,1,1,0,1,1,0.469,0.469,0.469,0.468,0.468,0.468,0,0,0,2,0.468,0.469,0,0.001,,,,,,,,,,,,,,,,,,,,,,,,,
64,0x077ab20cd24146ddcd6fe7b805ae007f29e4d842,1,0,0,0,0,0,0,0,0,0,0,0,0,0,0,0,0,0,0,0,0,0,0,1,13.37,0,0,0,1,0,1,0,0,0,0,13.37,13.37,13.37,0,0,0,0,0,0,0,1, ,Blockwell say NOTSAFU
65,0x078c2b3b09528fd7b80c9ee715f378d382f9139b,1,0,885.96,73255.98,1,10,0,10,1,0.011609,4.99,0.997485,9.973989,9.973989,9.973989,0,0,0,11,9.973989078,9.97485007,0,0.000860992,4,1502.115707,0,0,0,4,0,4,0,0,0,0,0,1500,375.528927,0,0,0,0,0,0,0,4, ,SAFE.AD - 20% DISCOUNT UNTIL 1 MAY
66,0x07920356975798037f26a934db461c7aafc8aa05,1,272.57,1.46,1377.5,5,10,0,2,5,0,2.989391,0.308882,0,2.688446,0.617689,0,0,0,15,3.088446,3.088824,0,0.000378,1,13.37,0,0,0,1,0,1,0,0,0,0,13.37,13.37,13.37,0,0,0,0,0,0,0,1, ,Blockwell say NOTSAFU
67,0x07a065bbc565002740caccb22b452fdd029ba988,1,0,0,0,0,0,1,0,0,0,0,0,0,0,0,0,0,0,1,0,0,0,0,,,,,,,,,,,,,,,,,,,,,,,,,
68,0x07bc847f898d370ae6991ee9cc3abd16797e5cff,1,0,162.45,11146.08,1,51,0,48,1,0.00075,10,1.042359,54.159873,54.159873,54.159873,0,0,0,52,54.15987303,53.16029303,0,-0.99958,,,,,,,,,,,,,,,,,,,,,,,,,
69,0x07cfb04588154b06e3958b5d70408244102014d5,1,0,58.82,206575.92,1,14,0,13,1,0.014016,7,1.793739,25.11148,25.11148,25.11148,0,0,0,15,25.11148009,25.11234109,0,0.000861,3,1.337,0,0,0,2,0,3,0,0,0,0,0,1.337,0.445667,0,0,0,0,0,0,0,3, ,Blockwell say NOTSAFU
70,0x07f101dec7fbee347a0f81a1c4ca724c53d491a4,1,0,0,0,0,0,0,0,0,0,0,0,0,0,0,0,0,0,0,0,0,0,0,,,,,,,,,,,,,,,,,,,,,,,,,
71,0x07faacbe52a8b5d3d22f49206bdd9d9c1f71991d,1,0,25120.67,175844.67,0,7,1,4,0,0,0.086235,0.012319,0,0,0,0,0,0,8,0,0.086235,0,0.086235,,,,,,,,,,,,,,,,,,,,,,,,,
72,0x081a48fcfb87ddc415c31ddae1eb3ba5d5696cdb,1,0,0,0,1,0,0,0,1,0,0,0,0.004941,0.004941,0.004941,0,0,0,1,0.004940665,0,0,-0.004940665,1,13.37,0,0,0,1,0,1,0,0,0,0,13.37,13.37,13.37,0,0,0,0,0,0,0,1, ,Blockwell say NOTSAFU
73,0x08389b19ad52f0d983609ab785b3a43a0e90355f,1,29.52,41.83,870.97,4,18,0,12,4,0.334,4.985,0.948817,0.989517,7,4.269083,0,0,0,22,17.07633249,17.07869749,0,0.002365,,,,,,,,,,,,,,,,,,,,,,,,,
74,0x085f9b53acbff0e4683463fef1a583d299bd4e25,1,0,488.94,13227.13,1,18,0,14,1,0.0001,6.495,0.970993,17.476816,17.476816,17.476816,0,0,0,19,17.47681609,17.47786609,0,0.00105,,,,,,,,,,,,,,,,,,,,,,,,,
75,0x08986f5cecd3cb8882e4a34a16961e3124377291,1,0,0.64,16613.8,1,2,0,1,1,0,0.99,0.495,0.989139,0.989139,0.989139,0,0,0,3,0.989139,0.99,0,0.000861,1,1.337,0,0,0,1,0,1,0,0,0,0,1.337,1.337,1.337,0,0,0,0,0,0,0,1, ,Blockwell say NOTSAFU
76,0x08a14bd2e2993809583fc20ce528f1c835ea29e0,1,0,0,0,0,0,0,0,0,0,0,0,0,0,0,0,0,0,0,0,0,0,0,,,,,,,,,,,,,,,,,,,,,,,,,
77,0x08afea4ec3659a2e478f81fef2b784176a0b7d2f,1,0,670.4,187543.87,1,3,0,3,1,0.1,1,0.7,2.099139,2.099139,2.099139,0,0,0,4,2.099139,2.1,0,0.000861,2,112.37,0,0,0,2,0,2,0,0,0,0,13.37,99,56.185,0,0,0,0,0,0,0,2, ,Blockwell say NOTSAFU
78,0x092a334ea43c0512560f6acf301fa97805cab392,1,0,0,0,0,0,0,0,0,0,0,0,0,0,0,0,0,0,0,0,0,0,0,,,,,,,,,,,,,,,,,,,,,,,,,
79,0x09430a9fb46a1a3b83980768c4cedf654d8eefa3,1,0,0,0,0,0,0,0,0,0,0,0,0,0,0,0,0,0,0,0,0,0,0,1,1.337,0,0,0,1,0,1,0,0,0,0,1.337,1.337,1.337,0,0,0,0,0,0,0,1, ,Blockwell say NOTSAFU
80,0x0967c50bfec4dba06e28e8fdbcfd15a23474fab4,1,12054.27,165.88,37987.52,3,11,0,11,1,0.372889,17.976392,2.564736,8.2,10,9.4,0,0,0,14,28.2,28.21209198,0,0.012091976,2,1.337,0,0,0,2,0,2,0,0,0,0,0,1.337,0.6685,0,0,0,0,0,0,0,2, ,Blockwell say NOTSAFU
81,0x096c13f383a32253e238bc148307753d14868235,1,0,0,1252.55,1,1,0,1,1,0.224823,0.224823,0.224823,0.224781,0.224781,0.224781,0,0,0,2,0.22478144,0.22482344,0,4.20E-05,1,13.37,0,0,0,1,0,1,0,0,0,0,13.37,13.37,13.37,0,0,0,0,0,0,0,1, ,Blockwell say NOTSAFU
82,0x096c39ab4fa36ca74a36fe1f4767ff487762f0aa,1,0,339.31,193813.48,1,31,0,22,1,0.0001,3.683191,0.681854,21.136607,21.136607,21.136607,0,0,0,32,21.1366074,21.1374684,0,0.000861,3,1.337,0,0,0,2,0,3,0,0,0,0,0,1.337,0.445667,0,0,0,0,0,0,0,3, ,Blockwell say NOTSAFU
83,0x09909c850f0e3019a645e0530aa37798dba59eb1,1,0,0,0,0,0,0,0,0,0,0,0,0,0,0,0,0,0,0,0,0,0,0,1,13.37,0,0,0,1,0,1,0,0,0,0,13.37,13.37,13.37,0,0,0,0,0,0,0,1, ,Blockwell say NOTSAFU
84,0x09cc69f6b484cada8e152d2002adfca496d723f3,1,0,36573.85,182869.27,0,5,1,3,0,0,0,0,0,0,0,0,0,0,6,0,0,0,0,,,,,,,,,,,,,,,,,,,,,,,,,
85,0x09f8b64a3992ab516fc34de1157d2b4a39d45301,1,0,253.45,1774.15,0,7,0,7,0,0.358941,20,3.287308,0,0,0,0,0,0,7,0,23.01115382,0,23.01115382,3,112.37,0,0,0,3,0,3,0,0,0,0,0,99,37.456667,0,0,0,0,0,0,0,3, ,Blockwell say NOTSAFU
86,0x09faf25e57abd0a401bb5a2341d7f926c389f8d1,1,0,0,0,0,0,0,0,0,0,0,0,0,0,0,0,0,0,0,0,0,0,0,,,,,,,,,,,,,,,,,,,,,,,,,
87,0x0a0ba956038d4a66002d612648332b9c4ab7646c,1,3630.22,485.07,9200.72,2,4,0,4,1,0.5,1.990453,1.110166,0.99853,3.438584,2.218557,0,0,0,6,4.43711354,4.44066254,0,0.003549,1,1.337,0,0,0,1,0,1,0,0,0,0,1.337,1.337,1.337,0,0,0,0,0,0,0,1, ,Blockwell say NOTSAFU
88,0x0a0d6500a7365fbd500f06811abef4de95c7a9a5,1,0,0,0,0,0,0,0,0,0,0,0,0,0,0,0,0,0,0,0,0,0,0,1,13.37,0,0,0,1,0,1,0,0,0,0,13.37,13.37,13.37,0,0,0,0,0,0,0,1, ,Blockwell say NOTSAFU
89,0x0a104b095bc84815b27d93b232c6863759b79043,1,0,0,77259.7,1,1,0,1,1,1.008441,1.008441,1.008441,1.00758,1.00758,1.00758,0,0,0,2,1.00758007,1.00844107,0,0.000861,1,13.37,0,0,0,1,0,1,0,0,0,0,13.37,13.37,13.37,0,0,0,0,0,0,0,1, ,Blockwell say NOTSAFU
90,0x0a10c493bc6f7faecca5be1e82d7fd7fb3774049,1,0,118.22,19382.85,1,29,0,26,1,0.0002,3,1.042543,30.232895,30.232895,30.232895,0,0,0,30,30.23289543,30.23375643,0,0.000861,1,1.337,0,0,0,1,0,1,0,0,0,0,1.337,1.337,1.337,0,0,0,0,0,0,0,1, ,Blockwell say NOTSAFU
91,0x0a4392f623faf54de72cbf6f567e1a7808251cd3,1,16041.76,35.14,64237.33,4,2,0,1,2,0.39,1.64,1.015,0.008068,1.19,0.507017,0,0,0,6,2.028068,2.03,0,0.001932,1,10,0,0,0,1,0,1,0,0,0,0,10,10,10,0,0,0,0,0,0,0,1, ,AI Gaming Coin
92,0x0a4a2413d7c604647c7788fd3564b3c54fe06763,1,0,4172.21,141855.05,0,34,1,14,0,0,0.2,0.042647,0,0,0,0,0,0,35,0,1.45,0,1.45,1,13.37,0,0,0,1,0,1,0,0,0,0,13.37,13.37,13.37,0,0,0,0,0,0,0,1, ,Blockwell say NOTSAFU
93,0x0a5723d1bc889d8f755eb36fcd60483cc8bcf203,1,0,10043.84,130569.95,0,13,1,1,0,0,0,0,0,0,0,0,0,0,14,0,0,0,0,27,0.990624712,0.000624712,0,1,2,0,4,0,0,0,0,0,0.99,0.070759,0,0.000601,0.000048,0,0,0,2,3,ThoreCash,ThoreCash
94,0x0a72dc6925181e2c0ff2c26a32fb6f3a7e6c9bdb,1,0,0,0,0,0,0,0,0,0,0,0,0,0,0,0,0,0,0,0,0,0,0,1,13.37,0,0,0,1,0,1,0,0,0,0,13.37,13.37,13.37,0,0,0,0,0,0,0,1, ,Blockwell say NOTSAFU
95,0x0a78fa6dab70385dd46fbdd20da5d868eb43f904,1,0,277.45,13983.5,1,3,0,3,1,0.5,1.815205,1.271735,3.814785,3.814785,3.814785,0,0,0,4,3.81478501,3.81520501,0,0.00042,,,,,,,,,,,,,,,,,,,,,,,,,
96,0x0a796062214cf4fc232dd8538a19035ac79a595c,1,2313.25,3942.93,235317.43,54,28,0,28,45,0.002492,1.127365,0.104237,0,0.8,0.05337,0,0,0,82,2.882,2.918644235,0,0.036644235,84,8232394.066,2737224.502,0,2,26,0,39,0,0,0,0,0,5000000,168008.0422,0,1842886.147,78206.41434,0,0,0,35,39,BitDice,Cashaa
97,0x0a7dde263eb93f69acd1671a223c5c93faa73701,1,0,363.87,1455.47,0,4,0,4,0,0.071266,13.3,4.217816,0,0,0,0,0,0,4,0,16.87126568,0,16.87126568,2,112.37,0,0,0,2,0,2,0,0,0,0,13.37,99,56.185,0,0,0,0,0,0,0,2, ,Blockwell say NOTSAFU
98,0x0a888f0f0b772e17a2adfd62d3f15cec72c8d42f,1,1333.22,676.44,18106.57,8,11,0,11,7,0.011757,30,3.534949,0.8,31.027554,4.859694,0,0,0,19,38.87755383,38.88444183,0,0.006888,,,,,,,,,,,,,,,,,,,,,,,,,
99,0x0a9f58ee19a7131ed031ea66a032c05c7efe965a,1,251.6,129.04,8703.37,11,46,0,38,4,0.0001,5.234373,1.136948,0.001,12.5,4.753741,0,0,0,57,52.29114716,52.29961016,0,0.008463,,,,,,,,,,,,,,,,,,,,,,,,,
100,0x0ab4fc631d194bb135dc7a3f99580cf7df3eeae0,1,0,0,0,0,0,0,0,0,0,0,0,0,0,0,0,0,0,0,0,0,0,0,,,,,,,,,,,,,,,,,,,,,,,,,
101,0x0ad24a61a0371d1dfe47c3b74169aaa5807efb31,1,0,1442.43,21433.3,1,9,0,9,1,0.001,2,0.503103,4.526875,4.526875,4.526875,0,0,0,10,4.5268747,4.5279247,0,0.00105,,,,,,,,,,,,,,,,,,,,,,,,,
102,0x0ae775637e63fa95855246fd82e96802d05883fc,1,1641.74,2103.12,327679.35,10,148,0,137,4,0.001,14.341,1.429861,0.022257,70,21.161505,0,0,0,158,211.6150523,211.6193783,0,0.004326,5,2095.638173,0,0,0,4,0,5,0,0,0,0,0,2082.268173,419.127635,0,0,0,0,0,0,0,5, ,Genaro X
103,0x0af16719353eddc122eaf834638406c499197860,1,0,21.78,15426.8,1,2,0,2,1,0.5,0.55,0.525,1.049139,1.049139,1.049139,0,0,0,3,1.049139,1.05,0,0.000861,,,,,,,,,,,,,,,,,,,,,,,,,
104,0x0b1f025593acd090a6c9b754e6e46acf88e89646,1,0,39685.76,198428.8,0,5,1,4,0,0,0,0,0,0,0,0,0,0,6,0,0,0,0,,,,,,,,,,,,,,,,,,,,,,,,,
105,0x0b21fd643aaaf5af800af67e14ebf4886be20164,1,24521.53,0,49043.07,2,1,0,1,2,10000,10000,10000,4999.999118,5000,4999.999559,0,0,0,3,9999.999118,10000,0,0.000882,4,1.00E-09,0,0,0,4,0,4,0,0,0,0,0,0,0,0,0,0,0,0,0,0,4, ,FinallyUsableCryptoKarma
106,0x0b2f68bfc1cd9c5886d1f8f41844e11aaa8a4223,1,2349.11,6278.84,50999.22,3,7,0,7,1,0.026775,1.021982,0.514317,1.021924,1.507145,1.191015,0,0,0,10,3.573044069,3.600221939,0,0.02717787,1,0,100,0,1,0,0,0,0,0,0,0,0,0,0,100,100,100,0,0,0,1,0,blockwell.ai KYC Casper Token, 
107,0x0b591a58137f154f59aea1284166d6a7b49821fd,1,0,4.9,7611.98,1,2,0,1,1,1,1,1,1.999139,1.999139,1.999139,0,0,0,3,1.999139,2,0,0.000861,,,,,,,,,,,,,,,,,,,,,,,,,
108,0x0b70f396d0626c9d8008d68c8d9c98e77ddb8262,1,0,0,3449.2,1,1,0,1,1,0.050007,0.050007,0.050007,0.04,0.04,0.04,0,0,0,2,0.04,0.050006741,0,0.010006741,,,,,,,,,,,,,,,,,,,,,,,,,
109,0x0b7f284d74f549731499c44aed2a10adcc9e9cc0,1,471.48,32.22,4097.1,5,54,0,46,1,0.000004,19.9918,1.266724,3,25,13.679344,0,0,0,59,68.3967205,68.4031045,0,0.006384,,,,,,,,,,,,,,,,,,,,,,,,,
110,0x0bb4251b8c5e8acb27d6809d77a10aa1cacc5144,1,0,0,0,0,0,0,0,0,0,0,0,0,0,0,0,0,0,0,0,0,0,0,,,,,,,,,,,,,,,,,,,,,,,,,
111,0x0bdd81d2a676166f2a28691e8af64ebeeca67fae,1,0,26391.89,158351.35,0,6,1,4,0,0,0,0,0,0,0,0,0,0,7,0,0,0,0,,,,,,,,,,,,,,,,,,,,,,,,,
112,0x0c2cb2d98f9f5ed558d9560d0e38e47187b2bfe1,1,0,0.98,37.35,1,2,0,2,1,0.021965,0.5,0.260983,0.519949,0.519949,0.519949,0,0,0,3,0.519949,0.521965,0,0.002016,1,13.37,0,0,0,1,0,1,0,0,0,0,13.37,13.37,13.37,0,0,0,0,0,0,0,1, ,Blockwell say NOTSAFU
113,0x0c4762bc7b1af1dc9448a827f53861c118b712de,1,0,190.62,3463.1,1,14,0,13,1,0.0037,2.511953,0.975157,13.1422,13.1422,13.1422,0,0,0,15,13.14219986,13.65219986,0,0.51,2,1.337,0,0,0,2,0,2,0,0,0,0,0,1.337,0.6685,0,0,0,0,0,0,0,2, ,Blockwell say NOTSAFU
114,0x0c6a415effaa3a2310c0db718090f4c5fd633982,1,460.27,556.03,7401.37,4,10,0,8,3,0.5,0.994,0.6998,0.120595,4.643008,1.748639,0,0,0,14,6.994556,6.998,0,0.003444,,,,,,,,,,,,,,,,,,,,,,,,,
115,0x0c8b0b3e963becf16cda410fe1eb4b5d64022c94,1,0,0,0,0,0,0,0,0,0,0,0,0,0,0,0,0,0,0,0,0,0,0,,,,,,,,,,,,,,,,,,,,,,,,,
116,0x0c8b740e3377f2be7a108aeba6a2f660588c728d,1,0,178.55,14998.25,0,84,1,17,0,0,21.1,2.367349,0,0,0,0,0,0,85,0,198.8572996,0,198.8572996,1,1.337,0,0,0,1,0,1,0,0,0,0,1.337,1.337,1.337,0,0,0,0,0,0,0,1, ,Blockwell say NOTSAFU
117,0x0c9d1b3ca852c67bbeabeeb51e9482a845d56868,1,372.54,281.48,2152.5,2,5,1,5,2,0.02,61,22.18337,0,110.91498,55.45749,0,0,0,8,110.91498,110.91685,0,0.001869966,1,1.337,0,0,0,1,0,1,0,0,0,0,1.337,1.337,1.337,0,0,0,0,0,0,0,1, ,Blockwell say NOTSAFU
118,0x0cb5345c2c7f02569d07951cbf244c80306c2e99,1,0,0,0,0,0,0,0,0,0,0,0,0,0,0,0,0,0,0,0,0,0,0,1,13.37,0,0,0,1,0,1,0,0,0,0,13.37,13.37,13.37,0,0,0,0,0,0,0,1, ,Blockwell say NOTSAFU
119,0x0cbc569253e2419856e4a777cf406d35444d8e50,1,0,0,3202.23,1,1,0,1,1,0.9,0.9,0.9,1.399139,1.399139,1.399139,0,0,0,2,1.399139,0.9,0,-0.499139,1,13.37,0,0,0,1,0,1,0,0,0,0,13.37,13.37,13.37,0,0,0,0,0,0,0,1, ,Blockwell say NOTSAFU
120,0x0cbff6c0365083f20c9de72084be7fb11278aa86,1,0,48.57,54542.63,1,11,0,11,1,0.0003,2.450487,0.97607,10.734692,10.734692,10.734692,0,0,0,12,10.73469178,10.73677078,0,0.002079,1,0,100,0,1,0,0,0,0,0,0,0,0,0,0,100,100,100,0,0,0,1,0,blockwell.ai KYC Casper Token, 
121,0x0cd4ea9b68ced287fc25923b071c0b1a0a14e9c6,1,964.04,608.44,6542.78,3,6,0,6,1,0.007267,10,2.007422,0.5,2,1,0,0,0,9,3,12.04453369,0,9.04453369,3,112.37,0,0,0,3,0,3,0,0,0,0,0,99,37.456667,0,0,0,0,0,0,0,3, ,Blockwell say NOTSAFU
122,0x0cfdc4a2c05b1ff5fce36d1c1982d8666d7a9813,1,0,69.64,4136.88,1,21,0,20,1,0.0005,4.994,0.92896,19.537306,19.537306,19.537306,0,0,0,22,19.53730591,19.50816691,0,-0.029139,2,1501.337,0,0,0,2,0,2,0,0,0,0,1.337,1500,750.6685,0,0,0,0,0,0,0,2, ,Free BOB Tokens - BobsRepair.com
123,0x0d202934db48341adfe26812a1d8731383b065b3,1,0,2087.3,34361.97,1,13,0,10,1,0.499139,1.389139,0.857957,11.152582,11.152582,11.152582,0,0,0,14,11.15258216,11.15344316,0,0.000861,2,1500,0,0,0,2,0,2,0,0,0,0,0,1500,750,0,0,0,0,0,0,0,2, ,Free BOB Tokens - BobsRepair.com
124,0x0d3832c74ed42b084806bf23fccbf3193cc596af,1,0,0,0,0,0,0,0,0,0,0,0,0,0,0,0,0,0,0,0,0,0,0,1,13.37,0,0,0,1,0,1,0,0,0,0,13.37,13.37,13.37,0,0,0,0,0,0,0,1, ,Blockwell say NOTSAFU
125,0x0d4f74c538613ed6e6c8c1bc8896ecfd45f5ef23,1,0,6.27,1310.22,0,209,1,6,0,0,2,0.039024,0,0,0,0,0,0,210,0,8.156,0,8.156,1,2.00E-09,0,0,0,1,0,1,0,0,0,0,0,0,0,0,0,0,0,0,0,0,1, ,ICTA
126,0x0d502f90c0a740b9c069ddec1c436d483ed7ab8e,1,0,0,0,0,0,0,0,0,0,0,0,0,0,0,0,0,0,0,0,0,0,0,,,,,,,,,,,,,,,,,,,,,,,,,
127,0x0d6e198892a124fde9956d581b193832e3a8f583,1,2444.91,151554.95,933778.82,10,6,0,6,8,0.01514,13.996404,2.662314,0.001371,13.436414,1.58965,0,0,0,16,15.89649899,15.97388553,0,0.07738654,,,,,,,,,,,,,,,,,,,,,,,,,
128,0x0d87ca679a7ab95598b34eb54dafc356b0373388,1,0,0,162.75,0,1,1,1,0,0,0,0,0,0,0,0,0,0,2,0,0,0,0,,,,,,,,,,,,,,,,,,,,,,,,,
129,0x0d9786138578fcdcce04435592545ef08422d755,1,19069.91,21.82,38990.92,2,39,0,35,2,0,6,2.158984,21.15,63.049081,42.09954,0,0,0,41,84.19908065,84.20036165,0,0.001281,,,,,,,,,,,,,,,,,,,,,,,,,
130,0x0d979f9ffdd579d67c29531cccba568d2172d0b0,1,0,464.88,12928.88,1,2,0,2,1,0.3,6.153,3.2265,6.452349,6.452349,6.452349,0,0,0,3,6.452349,6.453,0,0.000651,,,,,,,,,,,,,,,,,,,,,,,,,
131,0x0d9dacef694563ee0888e2751bf2349ac1b6270e,1,216.09,729.52,7213.98,3,9,0,9,2,0.007,0.8,0.252699,0.01,4.118,1.424333,0,0,0,12,4.273,2.27429457,0,-1.99870543,,,,,,,,,,,,,,,,,,,,,,,,,
132,0x0dac7a548551dd2e0f7293005f14f9261d7e0196,1,16099.06,22095.44,202965.23,3,7,0,5,3,0.315,2.3,0.98069,0.05,3.824,2.287667,0,0,0,10,6.863,6.86483216,0,0.00183216,3,1502.294081,0,0,0,3,0,3,0,0,0,0,0,1500,500.764694,0,0,0,0,0,0,0,3, ,Free BOB Tokens - BobsRepair.com
133,0x0db49185aae1f8f4b95ebd5323c1fa3822d4fde8,1,0,1257.55,21378.32,0,17,0,16,0,0.069937,11.99,2.273025,0,0,0,0,0,0,17,0,38.64142832,0,38.64142832,3,100.337,0,0,0,3,0,3,0,0,0,0,0,99,33.445667,0,0,0,0,0,0,0,3, ,Blockwell say NOTSAFU
134,0x0dc04198cd942b55a7d63f5c3891122b6fa277ea,1,0,25139.1,175973.67,0,7,1,4,0,0,0,0,0,0,0,0,0,0,8,0,0,0,0,,,,,,,,,,,,,,,,,,,,,,,,,
135,0x0dcc89f3091d3ef66e00fb595ed0fafef4434192,1,0,0,0,0,0,0,0,0,0,0,0,0,0,0,0,0,0,0,0,0,0,0,,,,,,,,,,,,,,,,,,,,,,,,,
136,0x0dcfe28d5ff99290dad01b592bd46e1de8c5bbf0,1,2873.37,1801.75,15827.12,3,4,0,4,3,0.000001,1.09,0.792408,0.089723,2.00021,1.056189,0,0,0,7,3.16856803,3.16963359,0,0.00106556,,,,,,,,,,,,,,,,,,,,,,,,,
137,0x0dea8a35f4e39cdf65d3cc11f10612e9e0278b60,1,149.61,3.86,2150.77,12,92,0,83,12,0.001355,5,0.807712,4.797507,7,6.816459,0,0,0,104,81.79750669,74.30950282,0,-7.48800387,,,,,,,,,,,,,,,,,,,,,,,,,
138,0x0e04298d9eaffaf538fe04b4cd525b6d1b64c3ca,1,0,0,0,0,0,0,0,0,0,0,0,0,0,0,0,0,0,0,0,0,0,0,,,,,,,,,,,,,,,,,,,,,,,,,
139,0x0e0ba79cb92e07555ef7a3fe9e18ba33dd0b6d29,1,0,921,8288.97,0,9,0,9,0,0.15,5,1.947816,0,0,0,0,0,0,9,0,17.53034689,0,17.53034689,5,1599,0,0,0,3,0,5,0,0,0,0,0,1500,319.8,0,0,0,0,0,0,0,5, ,Free BOB Tokens - BobsRepair.com
140,0x0e2fa227599b1701ceeecfbf0c92d8d23b2f493e,1,0,0,0,0,0,0,0,0,0,0,0,0,0,0,0,0,0,0,0,0,0,0,1,1.337,0,0,0,1,0,1,0,0,0,0,1.337,1.337,1.337,0,0,0,0,0,0,0,1, ,Blockwell say NOTSAFU
141,0x0e42f55da7ade5673130e23232cec6094d34087c,1,0,0,5602,1,1,0,1,1,0.5,0.5,0.5,0.499139,0.499139,0.499139,0,0,0,2,0.499139,0.5,0,0.000861,1,1.337,0,0,0,1,0,1,0,0,0,0,1.337,1.337,1.337,0,0,0,0,0,0,0,1, ,Blockwell say NOTSAFU
142,0x0e50fac3b2eaee7ba87b6d644b6c03e946b19f8d,1,0,1084.31,274829.52,1,3,0,3,1,0.1,0.99,0.539188,1.616704,1.616704,1.616704,0,0,0,4,1.616704,1.617565,0,0.000861,2,112.37,0,0,0,2,0,2,0,0,0,0,13.37,99,56.185,0,0,0,0,0,0,0,2, ,Blockwell say NOTSAFU
143,0x0e783fdcfd5f3f1afbb11062315456bd16fee122,1,871.89,227.56,3981.02,3,6,0,5,3,0.505,0.995159,0.687628,0.22758,3.66281,1.374837,0,0,0,9,4.1245102,4.1257702,0,0.00126,1,1.337,0,0,0,1,0,1,0,0,0,0,1.337,1.337,1.337,0,0,0,0,0,0,0,1, ,Blockwell say NOTSAFU
144,0x0e9e90ed10c6f1714bf87307d95b604288c5d4c5,1,0,0,0,0,0,0,0,0,0,0,0,0,0,0,0,0,0,0,0,0,0,0,1,1.337,0,0,0,1,0,1,0,0,0,0,1.337,1.337,1.337,0,0,0,0,0,0,0,1, ,Blockwell say NOTSAFU
145,0x0eab14a501a8125387b0c1e2bd13a217cee45eba,1,0,43.73,1588.2,1,4,0,4,1,0.5,1.9,0.87875,3.51,3.51,3.51,0,0,0,5,3.51,3.515,0,0.005,1,13.37,0,0,0,1,0,1,0,0,0,0,13.37,13.37,13.37,0,0,0,0,0,0,0,1, ,Blockwell say NOTSAFU
146,0x0ec0e48673e4901c3a28ade2540420f68996e79e,1,699.85,1947.03,11834.68,3,5,0,4,3,0.102361,0.8,0.380472,0.18,1.115,0.631667,0,0,0,8,1.895,1.902360896,0,0.007360896,,,,,,,,,,,,,,,,,,,,,,,,,
147,0x0ed78cca6cdfa68e08b85c463f29dd8741ff06ad,1,86123.77,370.55,173359.2,2,3,0,3,2,0.000995,0.561944,0.222313,0.056,0.60662,0.33131,0,0,0,5,0.66262,0.66693852,0,0.00431852,1,13.37,0,0,0,1,0,1,0,0,0,0,13.37,13.37,13.37,0,0,0,0,0,0,0,1, ,Blockwell say NOTSAFU
148,0x0eea73bc675d3012d3d602bd03cbf51a4b64eaee,1,0,0,0,0,0,0,0,0,0,0,0,0,0,0,0,0,0,0,0,0,0,0,,,,,,,,,,,,,,,,,,,,,,,,,
149,0x0eee28fc966585b5848f9d65980cb1621f9b3f8a,1,0,0,0,0,0,0,0,0,0,0,0,0,0,0,0,0,0,0,0,0,0,0,,,,,,,,,,,,,,,,,,,,,,,,,
150,0x0ef2724a6d8be9f72f3d35b62e1e8a37ceaf721e,1,1185.41,489.81,12784.45,5,14,0,14,4,0.1,24.35,4.781156,1,32.2,13.386414,0,0,0,19,66.93206871,66.93618471,0,0.004116,,,,,,,,,,,,,,,,,,,,,,,,,
151,0x0f11fa4142a73e2a1583f0073ab942ceb73456d8,1,0,0,0,0,0,0,0,0,0,0,0,0,0,0,0,0,0,0,0,0,0,0,,,,,,,,,,,,,,,,,,,,,,,,,
152,0x0f23430d929f24b86cb3bf375b94d96361d0420a,1,37.2,1625.24,32653.58,4,20,0,19,4,0.001,0.194,0.043915,0.1067,0.1164,0.113975,0,0,0,24,0.4559,0.8783,0,0.4224,2,113.37,0,0,0,2,0,2,0,0,0,0,13.37,100,56.685,0,0,0,0,0,0,0,2, ,blockwell.ai KYC Casper Token
153,0x0f4cf489c65f5001843c525e1f374768dcad9b99,1,23488.73,33.36,48178.53,2,36,0,26,2,0.010375,9.99,1.330052,0.07579,48.304353,24.190072,0,0,0,38,48.38014304,47.88186504,0,-0.498278,2,1.337,0,0,0,2,0,2,0,0,0,0,0,1.337,0.6685,0,0,0,0,0,0,0,2, ,Blockwell say NOTSAFU
154,0x0f7a4c36b5ee28e581504e8dfa62fa83a11ca7a9,1,0,0,63.28,0,1,1,1,0,0,0,0,0,0,0,0,0,0,2,0,0,0,0,,,,,,,,,,,,,,,,,,,,,,,,,
155,0x0f89b38968065a571eeaf34dd6bf2093fb55c20f,1,277.88,749.25,26898.78,24,27,0,18,24,0.018652,3.994,1.006088,0.065,3.99,1.131162,0,0,0,51,27.14789,27.16436814,0,0.01647814,1,13.37,0,0,0,1,0,1,0,0,0,0,13.37,13.37,13.37,0,0,0,0,0,0,0,1, ,Blockwell say NOTSAFU
156,0x0fa23b1b4dd646a3a55fb5e4c5eeab24d42edab0,1,0,0,576.7,1,1,0,1,1,18.488547,18.488547,18.488547,18.449088,18.449088,18.449088,0,0,0,2,18.449088,18.4885468,0,0.0394588,,,,,,,,,,,,,,,,,,,,,,,,,
157,0x101c55c14bbde713d4c718b67256133bac8126c6,1,0,0,0,0,0,0,0,0,0,0,0,0,0,0,0,0,0,0,0,0,0,0,,,,,,,,,,,,,,,,,,,,,,,,,
158,0x1036bc312f0279b5889bce88d09a100d411c0abb,1,3214.05,142.74,22424.6,6,22,0,21,6,0.001662,5,0.978455,0.05696,8.808068,3.587186,0,0,0,28,21.5231151,21.5260131,0,0.002898,1,2.101513196,0,0,0,1,0,1,0,0,0,0,2.101513,2.101513,2.101513,0,0,0,0,0,0,0,1, ,Livepeer Token
159,0x1038945a8acf315ffc97d54d3b4b72f3ed2fe2bb,1,3754.31,9279.18,157959.3,5,15,0,15,5,0.00366,1,0.499165,0.1,4.353818,1.496764,0,0,0,20,7.48381845,7.48747245,0,0.003654,,,,,,,,,,,,,,,,,,,,,,,,,
160,0x1056d8d9ebb0e0d8710a0e2a1852d4a09d56464a,1,0,136.49,3534.2,1,3,0,3,1,0.5,1,0.776979,2.320937,2.320937,2.320937,0,0,0,4,2.3209365,2.3309365,0,0.01,1,1.337,0,0,0,1,0,1,0,0,0,0,1.337,1.337,1.337,0,0,0,0,0,0,0,1, ,Blockwell say NOTSAFU
161,0x1086feeb031e45e8fcd770662aa8302d7c23ba1f,1,533.39,602.95,171032.73,263,51,0,43,60,0.006697,100.140366,4.283776,0,50,1.26403,0,0,0,314,332.44,218.4725976,0,-113.9674024,115,164367.1612,163875.9677,0,6,43,0,50,0,0,0,0,0,37210.28,2282.87724,0,37210.28,3811.069017,0,0,0,27,49,MCAP,MCAP
162,0x10c44ab858b90e09c725158906f71833ff417acc,1,0,6.77,25720.32,1,4,0,4,1,0.040381,0.132048,0.076312,0.304199,0.304199,0.304199,0,0,0,5,0.30419875,0.30524875,0,0.00105,1,1.337,0,0,0,1,0,1,0,0,0,0,1.337,1.337,1.337,0,0,0,0,0,0,0,1, ,Blockwell say NOTSAFU
163,0x11608c87d514d55e28eb94984bdbacd3fd38b182,1,8338.44,939.88,22316.15,2,6,0,5,2,0.438257,2.410442,0.857926,0.101637,5.044198,2.572918,0,0,0,8,5.145835175,5.147557175,0,0.001722,1,1.337,0,0,0,1,0,1,0,0,0,0,1.337,1.337,1.337,0,0,0,0,0,0,0,1, ,Blockwell say NOTSAFU
164,0x1161acf9a61b8cd951f5364e897c586883a1fe76,1,1545.2,109.99,3750.33,2,6,0,5,2,0.5,7.00042,1.78215,3.691177,7,5.345588,0,0,0,8,10.69117651,10.69289851,0,0.001722,,,,,,,,,,,,,,,,,,,,,,,,,
165,0x1164b5b85af48f92f35a7b3043300a91ae8d0b48,1,4965.17,1267.15,14998.92,2,4,0,4,2,0.5,0.6,0.525,0.5,1.595,1.0475,0,0,0,6,2.095,2.1,0,0.005,1,13.37,0,0,0,1,0,1,0,0,0,0,13.37,13.37,13.37,0,0,0,0,0,0,0,1, ,Blockwell say NOTSAFU
166,0x116574a18659f0063150e0064e4ea00349a1492c,1,0,40086.67,200433.37,0,5,1,3,0,0,0,0,0,0,0,0,0,0,6,0,0,0,0,,,,,,,,,,,,,,,,,,,,,,,,,
167,0x117262defa4ece46a009e5e883d7c6f9d2d69b89,1,982.61,120999.23,608926.62,4,5,0,5,2,0.011,0.23,0.056,0.010517,0.229832,0.069596,0,0,0,9,0.278383,0.28,0,0.001617,,,,,,,,,,,,,,,,,,,,,,,,,
168,0x11775a106157a283873a81e8ec58394b8d568e06,1,9762.12,2011.82,51713.37,2,16,0,11,2,0.0132,7,1.293834,8.942531,11.755679,10.349105,0,0,0,18,20.69821044,20.70133944,0,0.003129,2,13.37,0,0,0,2,0,2,0,0,0,0,0,13.37,6.685,0,0,0,0,0,0,0,2, ,GSENetwork
169,0x1177d4f07c6ef70f51cf23493c66e713f7acccda,1,0,1.38,362838.75,1,2,0,1,1,0.499597,0.6,0.549798,1.098736,1.098736,1.098736,0,0,0,3,1.0987358,1.0995968,0,0.000861,2,100.337,0,0,0,2,0,2,0,0,0,0,1.337,99,50.1685,0,0,0,0,0,0,0,2, ,Blockwell say NOTSAFU
170,0x118db57c34621acd0a91f02c8c18cd1a3ad7c213,1,0,100.96,874.77,1,8,0,7,1,0.009989,1.502304,0.710859,5.686013,5.686013,5.686013,0,0,0,9,5.686013247,5.686874247,0,0.000861,1,1.337,0,0,0,1,0,1,0,0,0,0,1.337,1.337,1.337,0,0,0,0,0,0,0,1, ,Blockwell say NOTSAFU
171,0x119240ef17333e8dcb19a0dd4f5fc848981b0ff4,1,1326.29,1249.57,31392.68,2,23,0,23,2,0.02,22.725938,1.898926,21.02,22.630111,21.825056,0,0,0,25,43.65011109,43.67529409,0,0.025183,1,800,0,0,0,1,0,1,0,0,0,0,800,800,800,0,0,0,0,0,0,0,1, ,NucleusVision
172,0x11c058c3efbf53939fb6872b09a2b5cf2410a1e2c3f3c867664e43a626d878c0,1,0,0,0,0,0,0,0,0,0,0,0,0,0,0,0,0,0,0,0,0,0,0,,,,,,,,,,,,,,,,,,,,,,,,,
173,0x122c7f492c51c247e293b0f996fa63de61474959,1,303.96,269.18,10515.27,28,8,0,7,25,0.1,10.426756,2.96936,0.01,11,0.846656,0,0,0,36,23.70636064,23.75488264,0,0.048522,1,0.010556276,0,0,0,1,0,1,0,0,0,0,0.010556,0.010556,0.010556,0,0,0,0,0,0,0,1, ,OmiseGO
174,0x124c0c9a23e1c4c04b10cc1eda4934f9818c7ec6,1,0,0,0,0,0,0,0,0,0,0,0,0,0,0,0,0,0,0,0,0,0,0,,,,,,,,,,,,,,,,,,,,,,,,,
175,0x12736c6b02381c3c50e41db3a69d7bb651a77d57,1,0,26091.16,156546.98,0,6,1,4,0,0,0,0,0,0,0,0,0,0,7,0,0,0,0,,,,,,,,,,,,,,,,,,,,,,,,,
176,0x12923d0c9f066722e9a9dba57eabdad664ff9c5b,1,0,0,0,0,0,0,0,0,0,0,0,0,0,0,0,0,0,0,0,0,0,0,1,13.37,0,0,0,1,0,1,0,0,0,0,13.37,13.37,13.37,0,0,0,0,0,0,0,1, ,Blockwell say NOTSAFU
177,0x12a1ccf979d65333e8e27ede047b476736b584a6,1,832.46,2929.85,78078.7,41,15,0,10,28,0.09224,16.855948,2.159841,0,13.455752,0.73805,0,0,0,56,30.26006516,32.39761455,0,2.137549388,29,2443236.048,2442835.058,0,7,6,0,13,0,0,0,0,0,1704864.397,135735.336,0,2070864.397,222075.9143,0,0,0,11,13,Brickblock,KickCoin
178,0x13369b4654cb11d0d3b31abff0a2d74a78485ac6,1,2256.87,144.31,13304.63,5,14,0,14,4,0.132979,1.147924,0.460828,0.0153,3.33085,1.36923,0,0,0,19,6.846149695,6.4515906,0,-0.394559095,1,2.271665235,0,0,0,1,0,1,0,0,0,0,2.271665,2.271665,2.271665,0,0,0,0,0,0,0,1, ,Livepeer Token
179,0x13403162ef6cf6219441667ae22892c997262611,1,0,0,0,0,0,0,0,0,0,0,0,0,0,0,0,0,0,0,0,0,0,0,1,1.337,0,0,0,1,0,1,0,0,0,0,1.337,1.337,1.337,0,0,0,0,0,0,0,1, ,Blockwell say NOTSAFU
180,0x135a24a24e524de187efab379fc655061a67cbd5,1,0,0,4955.05,1,1,0,1,1,1,1,1,0.999139,0.999139,0.999139,0,0,0,2,0.999139,1,0,0.000861,1,1.337,0,0,0,1,0,1,0,0,0,0,1.337,1.337,1.337,0,0,0,0,0,0,0,1, ,Blockwell say NOTSAFU
181,0x1363077895b20ae90f80794ce4e575559517d033,1,196.59,92.89,6349.12,3,62,0,41,2,0.064,5,0.732913,0.064,39.060048,15.145998,0,0,0,65,45.43799298,45.44057598,0,0.002583,,,,,,,,,,,,,,,,,,,,,,,,,
182,0x13afabf464f7d3e6c7cf0e685181d9da3935e01e,1,0,494.21,58316.73,0,118,1,10,0,0,1.010469,0.033247,0,0,0,0,0,0,119,0,3.923124188,0,3.923124188,1,0,100,0,1,0,0,0,0,0,0,0,0,0,0,100,100,100,0,0,0,1,0,blockwell.ai KYC Casper Token, 
183,0x13b56f970b8982b1b4a76982876086ecad4756da,1,0,0,0,0,0,0,0,0,0,0,0,0,0,0,0,0,0,0,0,0,0,0,1,1.337,0,0,0,1,0,1,0,0,0,0,1.337,1.337,1.337,0,0,0,0,0,0,0,1, ,Blockwell say NOTSAFU
184,0x14258a5ddcad7001e8ac89b539df7e0f08a34500,1,1353.66,116.58,4877.05,3,7,0,7,2,0.001502,1.994,0.590627,0.313377,3,1.377009,0,0,0,10,4.13102561,4.13438561,0,0.00336,,,,,,,,,,,,,,,,,,,,,,,,,
185,0x143494359bbacc878308075c1c9fa05fcda96651,1,0,0,672.07,1,1,0,1,1,3.45,3.45,3.45,3.449559,3.449559,3.449559,0,0,0,2,3.449559,3.45,0,0.000441,,,,,,,,,,,,,,,,,,,,,,,,,
186,0x1447b1cb205158d98fdbd312b37ed9dd1481fb62,1,0,0,0,0,0,0,0,0,0,0,0,0,0,0,0,0,0,0,0,0,0,0,,,,,,,,,,,,,,,,,,,,,,,,,
187,0x1494403137159bb0dc545d11963fdf797ea1ecab,1,0,19.35,25707.98,1,4,0,4,1,0.1,0.494056,0.235847,0.943179,0.943179,0.943179,0,0,0,5,0.94317922,0.94338922,0,0.00021,1,7.77E-16,0,0,0,1,0,1,0,0,0,0,0,0,0,0,0,0,0,0,0,0,1, ,INS Promo
188,0x14a11e2ef83895918da176165e33025e02e472de,1,0,291.72,41638.07,1,3,0,3,1,0.5,1.381915,0.963972,2.889836,2.889836,2.889836,0,0,0,4,2.889836352,2.891915352,0,0.002079,2,113.37,0,0,0,2,0,2,0,0,0,0,13.37,100,56.685,0,0,0,0,0,0,0,2, ,blockwell.ai KYC Casper Token
189,0x14b7716c688875bcf54d5ff47cad4fca6b3834fa,1,0,0,0,0,0,0,0,0,0,0,0,0,0,0,0,0,0,0,0,0,0,0,1,1.337,0,0,0,1,0,1,0,0,0,0,1.337,1.337,1.337,0,0,0,0,0,0,0,1, ,Blockwell say NOTSAFU
190,0x14d3cb89bfb1513cfae386d9d6ff447753fd04a5,1,0,414.74,38495.18,1,6,0,6,1,0.002,0.407611,0.196077,2.37546,2.37546,2.37546,0,0,0,7,2.37545966,1.17645966,0,-1.199,1,2.056688538,0,0,0,1,0,1,0,0,0,0,2.056689,2.056689,2.056689,0,0,0,0,0,0,0,1, ,Livepeer Token
191,0x14e9e1f1320ff0286c5e9b23fcfb70b711ce892e,1,0,0,0,0,0,0,0,0,0,0,0,0,0,0,0,0,0,0,0,0,0,0,,,,,,,,,,,,,,,,,,,,,,,,,
192,0x15577e328dd6e17b7721c9ca4d00610d3ce3762f,1,104811.16,516.86,317534.63,3,6,0,6,2,0,108.018,19.176333,20,50,38.351743,0,0,0,9,115.055228,115.058,0,0.002772,6,2064.993941,0,0,0,5,0,6,0,0,0,0,0,1113.055292,344.165657,0,0,0,0,0,0,0,6, ,XENON
193,0x155ea3c47d523ea150b2fb33ecaedc4928e0f2db,1,0,62.06,1179.08,0,19,0,15,0,0.01,29.995,4.466775,0,0,0,0,0,0,19,0,84.86871837,0,84.86871837,1,6.66E-16,0,0,0,1,0,1,0,0,0,0,0,0,0,0,0,0,0,0,0,0,1, ,WinETHFree
194,0x15847dcd428033c2cc2cb70edf2cbd6c84afc146,1,0,0,200.72,0,1,1,1,0,0,0,0,0,0,0,0,0,0,2,0,0,0,0,,,,,,,,,,,,,,,,,,,,,,,,,
195,0x1597d86b81166cf78bb56ac4cab48ef81f203d23,1,0,2338.4,135240.23,1,4,0,4,1,0.1,0.5,0.296703,1.18,1.18,1.18,0,0,0,5,1.18,1.18681082,0,0.00681082,1,13.37,0,0,0,1,0,1,0,0,0,0,13.37,13.37,13.37,0,0,0,0,0,0,0,1, ,Blockwell say NOTSAFU
196,0x159ccffb293a06aafaec1b254a00522a2bc40639,1,0,0,0,0,1,0,1,0,0.001,0.001,0.001,0,0,0,0,0,0,1,0,0.001,0,0.001,1,13.37,0,0,0,1,0,1,0,0,0,0,13.37,13.37,13.37,0,0,0,0,0,0,0,1, ,Blockwell say NOTSAFU
197,0x15a99893dc47bfae5b06e9b4c8941aaca60f8af5,1,4824.6,13298.55,114738.7,10,5,0,5,3,0.1,11,2.313,0.1,3.2,1.155501,0,0,0,15,11.55500949,11.565,0,0.009990512,2,3.428231702,0,0,0,2,0,2,0,0,0,0,1.337,2.091232,1.714116,0,0,0,0,0,0,0,2, ,Livepeer Token
198,0x15b4e32d5026a5a9ad3b68becadceb00b4eb9729,1,9081.38,1517.85,36351.27,3,6,0,6,3,0.0001,2.5,0.552683,0.01885,3.774057,1.271172,0,0,0,9,3.813517,3.3161,0,-0.497417,3,3.492946417,0,0,0,3,0,3,0,0,0,0,0,2.155946,1.164315,0,0,0,0,0,0,0,3, ,SAFE.AD - 20% DISCOUNT UNTIL 1 MAY
199,0x15d16a2073735251e663d96e3647f68e571bcbd3,1,0,1060.76,7936.62,1,7,0,6,1,0.5,1.493095,0.802857,5.61914,5.61914,5.61914,0,0,0,8,5.61914008,5.62000108,0,0.000861,1,13.37,0,0,0,1,0,1,0,0,0,0,13.37,13.37,13.37,0,0,0,0,0,0,0,1, ,Blockwell say NOTSAFU
200,0x15f4a5d5bbc071fc20bd60b9b7d81aaa8a1142ab,1,2894.21,31034.06,76539.17,5,2,0,2,3,0.1,0.8,0.45,0.02355,0.4,0.179517,0,0,0,7,0.897584,0.9,0,0.002416,,,,,,,,,,,,,,,,,,,,,,,,,
201,0x16112015d50fac2d084e096feea0863800517f94,1,0,0,377.03,1,1,0,1,1,0.5,0.5,0.5,0.499559,0.499559,0.499559,0,0,0,2,0.499559,0.5,0,0.000441,1,15,0,0,0,1,0,1,0,0,0,0,15,15,15,0,0,0,0,0,0,0,1, ,Lino
202,0x166ee9bd9119cd8e4e9a7fb27518fce3218f6caf,1,0,0,0,0,1,0,1,0,2,2,2,0,0,0,0,0,0,1,0,2,0,2,1,99,0,0,0,1,0,1,0,0,0,0,99,99,99,0,0,0,0,0,0,0,1, ,ERC20
203,0x16881a3b5bd0f6b2f8c547dcf9bd74442eaddcf9,1,0,500.43,51700.85,1,11,0,11,1,0.024338,2.872788,0.553008,6.08,6.08,6.08,0,0,0,12,6.08,6.08308935,0,0.00308935,,,,,,,,,,,,,,,,,,,,,,,,,
204,0x1691b2f9986598e12c57aba5be50ebd5346247e0,1,22681.69,191.99,46899.28,2,8,0,8,2,0.5,4,1.313578,0.507759,9.999139,5.253449,0,0,0,10,10.506898,10.50862,0,0.001722,2,1.337,0,0,0,2,0,2,0,0,0,0,0,1.337,0.6685,0,0,0,0,0,0,0,2, ,Blockwell say NOTSAFU
205,0x169b6c7ed548e45ba9d87b2d32ff27e2d00051ef,1,8563.19,9402.73,611848.42,44,25,0,15,25,0.005481,3.1453,0.987036,0,2.3,0.351552,0,0,0,69,15.46828092,24.67589698,0,9.207616059,64,274249.3754,267085.1593,0,9,22,0,25,0,0,0,0,0,240000,5274.026449,0,240000,22257.09661,0,0,0,9,25,Fair Token,Pundi X Token
206,0x16b9c4333559256ca7d87b28c6fb2e8415b4711f,1,0,29.96,45854.9,1,5,0,5,1,0.11,2,0.786308,3.930678,3.930678,3.930678,0,0,0,6,3.930678,3.931539,0,0.000861,,,,,,,,,,,,,,,,,,,,,,,,,
207,0x16c26eb6051fe13273c634cb6df70a26befa9ec3,1,754.55,310.7,24145.55,18,34,0,25,15,0.00001,5.08,1.02946,0.001502,18,1.943985,0,0,0,52,34.99172316,35.00165616,0,0.009933,1,3,0,0,0,1,0,1,0,0,0,0,3,3,3,0,0,0,0,0,0,0,1, ,OCoin
208,0x1707bc69d91f86a6000d318e85d07b00747152fe,1,0,0,1330.48,1,1,0,1,1,0.647108,0.647108,0.647108,0.646247,0.646247,0.646247,0,0,0,2,0.6462472,0.6471082,0,0.000861,1,13.37,0,0,0,1,0,1,0,0,0,0,13.37,13.37,13.37,0,0,0,0,0,0,0,1, ,Blockwell say NOTSAFU
209,0x1708a04876fec1ca8a482e72afb340c362d3ec20,1,0,0,0,0,0,0,0,0,0,0,0,0,0,0,0,0,0,0,0,0,0,0,1,13.37,0,0,0,1,0,1,0,0,0,0,13.37,13.37,13.37,0,0,0,0,0,0,0,1, ,Blockwell say NOTSAFU
210,0x1754cebea65afe5cfe90ee7d393adce1568d2ba4,1,0,461.94,268014.63,1,10,0,9,1,0.000593,2.173922,0.719692,7.196055,7.196055,7.196055,0,0,0,11,7.196055187,7.196916187,0,0.000861,4,112.37,0,0,0,4,0,4,0,0,0,0,0,99,28.0925,0,0,0,0,0,0,0,4, ,GSENetwork
211,0x175e0d5f3757b066a6f0cf7634b45f3085cb490b,1,0,9185.18,18370.37,0,2,1,2,0,0,0,0,0,0,0,0,0,0,3,0,0,0,0,1,991,0,0,0,1,0,1,0,0,0,0,991,991,991,0,0,0,0,0,0,0,1, ,PILLAR
212,0x175f6dbf87215a6da7107977b4680bc3db31b2de,1,1698.96,79.34,34852,20,11,0,9,5,0.088826,8.8,1.188789,0,4.35,0.6525,0,0,0,31,13.05,13.07668287,0,0.026682869,,,,,,,,,,,,,,,,,,,,,,,,,
213,0x17897c5c38362d8f620e70fee0adba109af5db2d,1,5395.92,485.5,58217.83,8,31,0,31,5,0.00005,5,1.035253,0.1556,23.871817,4.077177,0,0,0,39,32.61741706,32.0928303,0,-0.52458676,2,1500,0,0,0,2,0,2,0,0,0,0,0,1500,750,0,0,0,0,0,0,0,2, ,Free BOB Tokens - BobsRepair.com
214,0x17935dffbc228397d2f5a67061867804cecacae8,1,4016.93,488.3,29961.15,6,12,0,9,6,0.07,10,2.641091,0.07,10.01,5.281321,0,0,0,18,31.68792864,31.69309464,0,0.005166,2,1500,0,0,0,2,0,2,0,0,0,0,0,1500,750,0,0,0,0,0,0,0,2, ,Free BOB Tokens - BobsRepair.com
215,0x17980b9ff9b318c93263ed52d19f3ca7ad24ed9a,1,0,74.46,79027.65,1,5,0,4,1,0.038829,0.55282,0.243988,1.219079,1.219079,1.219079,0,0,0,6,1.21907912,1.21994012,0,0.000861,1,13.37,0,0,0,1,0,1,0,0,0,0,13.37,13.37,13.37,0,0,0,0,0,0,0,1, ,Blockwell say NOTSAFU
216,0x17bd6f815fb71a77dc20e12177c4d763a3f67632,1,0,0,19.77,1,1,0,1,1,1,1,1,0.999559,0.999559,0.999559,0,0,0,2,0.999559,1,0,0.000441,,,,,,,,,,,,,,,,,,,,,,,,,
217,0x181c71726f12ce2514e8b93019eb22645a79f966,1,1876.78,3380.07,182850.78,47,28,0,16,18,0.0005,15,1.146477,0.0003,9,0.682527,0,0,0,75,32.07875045,32.10136745,0,0.022617,4,1003.437344,0,0,0,4,0,4,0,0,0,0,0,1000,250.859336,0,0,0,0,0,0,0,4, ,Livepeer Token
218,0x18341b373c795736c09bef6bef09bcecba4d27ff,1,0,679.5,4439.58,1,5,0,4,1,0.54,1.014527,0.85087,4.253348,4.253348,4.253348,0,0,0,6,4.25334791,4.25434791,0,0.001,1,300,0,0,0,1,0,1,0,0,0,0,300,300,300,0,0,0,0,0,0,0,1, ,shellchains.com
219,0x18345118bd04c405b4d74941563a21b5a2bf06b7,1,34.78,929.23,3995.18,8,4,0,3,3,0.01,10000,3750.0015,10,5000,700,0,0,0,12,5600,15000.006,0,9400.006,47,39092.68822,0,0,0,39,0,45,0,0,0,0,0,20180.614,831.759324,0,0,0,0,0,0,0,44, ,OPEN Chain
220,0x18365a89e092ccc31d2a49ab5cb697564ec81bcf,1,2112.57,654.22,23851.75,2,30,0,21,2,0.042,0.2791,0.074467,0.605639,2.190799,1.398219,0,0,0,32,2.796438,2.23402,0,-0.562418,1,6.66E-16,0,0,0,1,0,1,0,0,0,0,0,0,0,0,0,0,0,0,0,0,1, ,WinETHFree
221,0x1847b35a3444edbede05b52a378d45e13eea54c4,1,995.25,0,3981.02,4,1,0,1,2,0.004,0.004,0.004,0,0.003517,0.000879,0,0,0,5,0.003517,0.004,0,0.000483,,,,,,,,,,,,,,,,,,,,,,,,,
222,0x18502a1f6ccd21ae49d932783d2814cca62591d9,1,0,0,0,0,1,0,1,0,0.13,0.13,0.13,0,0,0,0,0,0,1,0,0.13,0,0.13,,,,,,,,,,,,,,,,,,,,,,,,,
223,0x186006fa03374f548c35a7c2a712b35e40833f7e,1,279.4,277.57,7777.43,3,25,0,16,2,0.49,5,1.201982,2.768218,21.428647,10.015654,0,0,0,28,30.04696184,30.04954484,0,0.002583,,,,,,,,,,,,,,,,,,,,,,,,,
224,0x1865bf39ec9712f5f3d57cf423495c318939ab3e,1,0,772.64,37325.87,1,18,0,17,1,0.122,10,1.785601,32.14,32.14,32.14,0,0,0,19,32.14,32.14082037,0,0.00082037,2,450000,0,0,0,2,0,2,0,0,0,0,0,450000,225000,0,0,0,0,0,0,0,2, ,DIGIBYTE
225,0x1890d4a49faf31088e5ede045e3a985c82b21f11,1,0,0,0,0,0,0,0,0,0,0,0,0,0,0,0,0,0,0,0,0,0,0,1,1.337,0,0,0,1,0,1,0,0,0,0,1.337,1.337,1.337,0,0,0,0,0,0,0,1, ,Blockwell say NOTSAFU
226,0x18b139f86407b1a834da4258f01121ae9f8d06f5,1,0,30.72,2143.95,1,20,0,20,1,0.058334,1.401976,0.528537,10.569697,10.569697,10.569697,0,0,0,21,10.56969679,10.57074679,0,0.00105,,,,,,,,,,,,,,,,,,,,,,,,,
227,0x18bff0b35d63b6e19775d3fbbb5a9fa9d7288a74,1,0,0,0,0,0,0,0,0,0,0,0,0,0,0,0,0,0,0,0,0,0,0,1,1.337,0,0,0,1,0,1,0,0,0,0,1.337,1.337,1.337,0,0,0,0,0,0,0,1, ,Blockwell say NOTSAFU
228,0x18e81898ac31a43850fb8d0224477349de6d8d9a,1,0,9078.7,18157.4,0,2,1,2,0,0,0,0,0,0,0,0,0,0,3,0,0,0,0,,,,,,,,,,,,,,,,,,,,,,,,,
229,0x18ec1d727320cbed7c0c63cd655ade997b292c5e,1,8.85,3356.64,84137.1,25,25,0,7,8,0.023426,3.08,0.779333,0.022586,3.07916,0.778493,0,0,0,50,19.46232577,19.48332577,0,0.021,,,,,,,,,,,,,,,,,,,,,,,,,
230,0x18f3489d959fd0e3fac366646e08f9aeabea4d75,1,0,0,0,0,0,0,0,0,0,0,0,0,0,0,0,0,0,0,0,0,0,0,,,,,,,,,,,,,,,,,,,,,,,,,
231,0x1901d590f5ddbe8d58c69b324c13f884ca1d0b31,1,0,0,1393.27,1,1,0,1,1,0.5,0.5,0.5,0.499,0.499,0.499,0,0,0,2,0.499,0.5,0,0.001,1,1.337,0,0,0,1,0,1,0,0,0,0,1.337,1.337,1.337,0,0,0,0,0,0,0,1, ,Blockwell say NOTSAFU
232,0x196333b00abf440c044b7164868cd5a4682e0276,1,249.86,0,499.72,2,1,0,1,1,2,2,2,0.98,1.019,0.9995,0,0,0,3,1.999,2,0,0.001,,,,,,,,,,,,,,,,,,,,,,,,,
233,0x197f986c640aedfd3ce94553c61ece11937bc2bb,1,511.66,1161.51,13385.38,8,8,0,8,8,0.008566,3.12416,1.109494,0.01722,6,1.106965,0,0,0,16,8.855723894,8.875952894,0,0.020229,2,365,0,0,0,1,0,2,0,0,0,0,0,365,182.5,0,0,0,0,0,0,0,2, ,Bulleon Promo Token
234,0x1982b0e96a0375e5b570e8e466d423a37af34b43,1,0,29115.98,174695.9,0,6,1,4,0,0,0,0,0,0,0,0,0,0,7,0,0,0,0,,,,,,,,,,,,,,,,,,,,,,,,,
235,0x199eee5b6ca1aaf030c77f0b5c50e39908fd2072,1,1504,332.21,3672.42,2,2,0,2,2,1,10,5.5,5,5.989,5.4945,0,0,0,4,10.989,11,0,0.011,,,,,,,,,,,,,,,,,,,,,,,,,
236,0x19b619237de51af8e1cbd989cd4e01e7299df4de,1,0,0,12145.23,1,1,0,1,1,1.097322,1.097322,1.097322,1.096461,1.096461,1.096461,0,0,0,2,1.09646114,1.09732214,0,0.000861,,,,,,,,,,,,,,,,,,,,,,,,,
237,0x19bfd8a539ca899983b30e1d1c3370ac03d6b7ab,1,414.83,202.59,7119.55,3,29,0,22,1,0.1,5,1.227252,2.5,26.136871,11.862574,0,0,0,32,35.58772126,35.59030426,0,0.002583,2,1.337,0,0,0,2,0,2,0,0,0,0,0,1.337,0.6685,0,0,0,0,0,0,0,2, ,Blockwell say NOTSAFU
238,0x19fb7020381fe9197bf841d5034d5467fe5a3c93,1,0,2747.18,189555.62,0,69,1,6,0,0,0,0,0,0,0,0,0,0,70,0,0,0,0,,,,,,,,,,,,,,,,,,,,,,,,,
239,0x1a11585b374d5827f44e117e07941a8728a5f342,1,0,0,0,0,0,0,0,0,0,0,0,0,0,0,0,0,0,0,0,0,0,0,1,1.337,0,0,0,1,0,1,0,0,0,0,1.337,1.337,1.337,0,0,0,0,0,0,0,1, ,Blockwell say NOTSAFU
240,0x1a2c53d132ff8a6e26f6b32c0abdc179b94f0721,1,0,35009.53,175047.65,0,5,1,3,0,0,0,0,0,0,0,0,0,0,6,0,0,0,0,,,,,,,,,,,,,,,,,,,,,,,,,
241,0x1a64baf4d961b87b6a99d1ee99361248dc1f7dbb,1,0,0,0,0,0,0,0,0,0,0,0,0,0,0,0,0,0,0,0,0,0,0,,,,,,,,,,,,,,,,,,,,,,,,,
242,0x1a8479634ba4f57533b48719f9d2b20c5fcdfa9d,1,107.2,28.66,271.72,2,2,0,2,2,1,1,1,0.008149,1.991536,0.999842,0,0,0,4,1.999685,2,0,0.000315,,,,,,,,,,,,,,,,,,,,,,,,,
243,0x1abc65765fd0df7d997635ebe3027384bcf7923e,1,0,24132.82,434390.75,0,18,1,9,0,0.010569,9.999629,0.944724,0,0,0,0,0,0,19,0,17.00502944,0,17.00502944,1,1.337,0,0,0,1,0,1,0,0,0,0,1.337,1.337,1.337,0,0,0,0,0,0,0,1, ,Blockwell say NOTSAFU
244,0x1ae807d7645da9f7f65a3c4a7a8deaa08bf9efa4,1,907.4,3009.54,15380.42,7,3,0,3,7,0.5,1.5,0.868592,0.14,1,0.371714,0,0,0,10,2.602,2.60577571,0,0.00377571,1,1.337,0,0,0,1,0,1,0,0,0,0,1.337,1.337,1.337,0,0,0,0,0,0,0,1, ,Blockwell say NOTSAFU
245,0x1aef1e14108786e0b049f37758529d866cc3c7e6,1,0,0,0,0,0,0,0,0,0,0,0,0,0,0,0,0,0,0,0,0,0,0,,,,,,,,,,,,,,,,,,,,,,,,,
246,0x1b150b01dd61d54847a1c538ab9fe6f1639cacbc,1,45496.59,1089.26,417094.15,9,7,0,7,8,0.006091,1.397568,0.516562,0.03124,1.04,0.395344,0,0,0,16,3.5581,3.615937475,0,0.057837475,,,,,,,,,,,,,,,,,,,,,,,,,
247,0x1b2f4abac29e739d8eb439a3f7fdef571f1d0e69,1,0,0,0,0,0,0,0,0,0,0,0,0,0,0,0,0,0,0,0,0,0,0,1,13.37,0,0,0,1,0,1,0,0,0,0,13.37,13.37,13.37,0,0,0,0,0,0,0,1, ,Blockwell say NOTSAFU
248,0x1b42bf30cd988ad20500ce47cce52098576ec2a2,1,0,0,14723.23,1,1,0,1,1,2,2,2,1.999559,1.999559,1.999559,0,0,0,2,1.999559,2,0,0.000441,,,,,,,,,,,,,,,,,,,,,,,,,
249,0x1b6b664b91081b34ca8c7cdf22618e6a547d7947,1,0,0,0,0,0,0,0,0,0,0,0,0,0,0,0,0,0,0,0,0,0,0,1,13.37,0,0,0,1,0,1,0,0,0,0,13.37,13.37,13.37,0,0,0,0,0,0,0,1, ,Blockwell say NOTSAFU
250,0x1b76d77499125f2b05779b78a8a642cecdc069ec,1,15754.37,116.72,65935.55,4,25,0,23,3,0.097853,14.010748,1.630177,0.3,25.931813,10.187745,0,0,0,29,40.75097855,40.75442255,0,0.003444,2,13.37,0,0,0,2,0,2,0,0,0,0,0,13.37,6.685,0,0,0,0,0,0,0,2, ,GSENetwork
251,0x1b7bdc46fb5d65c6d688bfadcfb7d3a434413956,1,0,0,0,0,0,0,0,0,0,0,0,0,0,0,0,0,0,0,0,0,0,0,,,,,,,,,,,,,,,,,,,,,,,,,
252,0x1b858871c8fdc0c782f60b350eecc58d82c216c1,1,0,0,0,0,0,0,0,0,0,0,0,0,0,0,0,0,0,0,0,0,0,0,,,,,,,,,,,,,,,,,,,,,,,,,
253,0x1b894efe9ca79bc139a68740a6b8018abdf73f7e,1,0,0,0,0,0,0,0,0,0,0,0,0,0,0,0,0,0,0,0,0,0,0,1,13.37,0,0,0,1,0,1,0,0,0,0,13.37,13.37,13.37,0,0,0,0,0,0,0,1, ,Blockwell say NOTSAFU
254,0x1b8ee5cb5520ea3d12f64a8973c2a4f0cbcb1564,1,1844.76,363.75,18343.58,6,20,0,16,2,0,5.99,1.243781,3,6,4.145076,0,0,0,26,24.87045703,24.87562303,0,0.005166,2,2.674,0,0,0,2,0,1,0,0,0,0,1.337,1.337,1.337,0,0,0,0,0,0,0,1, ,Blockwell say NOTSAFU
255,0x1bacbc473428eda051501a65751e185b329217ea,1,0,0,0,0,0,0,0,0,0,0,0,0,0,0,0,0,0,0,0,0,0,0,,,,,,,,,,,,,,,,,,,,,,,,,
256,0x1bbeed1e4ad3c102a58129c65f4e04c4c67009af,1,19434.97,6699.47,313613.22,12,12,0,9,11,0.099,5.03,1.643699,0.002785,4.818079,1.642996,0,0,0,24,19.71595034,19.72439235,0,0.008442007,4,1517.37,0,0,0,4,0,4,0,0,0,0,0,1500,379.3425,0,0,0,0,0,0,0,4, ,Free BOB Tokens - BobsRepair.com
257,0x1c0dffa23f342a62ace37bd4eede6180c40ccbec,1,0,36574.23,182871.17,0,5,1,3,0,0,0,0,0,0,0,0,0,0,6,0,0,0,0,,,,,,,,,,,,,,,,,,,,,,,,,
258,0x1c0e294310091654beac3d191089d3c376be123f,1,0,9769.62,19539.25,0,2,1,2,0,0,0,0,0,0,0,0,0,0,3,0,0,0,0,,,,,,,,,,,,,,,,,,,,,,,,,
259,0x1c16b965c7960fea0bd7e8629885cbe162223f2e,1,1787.32,525.68,8305.77,2,9,0,7,2,0.05,2.495,0.804896,3.372342,3.87,3.621171,0,0,0,11,7.24234195,7.24406395,0,0.001722,1,1500,0,0,0,1,0,1,0,0,0,0,1500,1500,1500,0,0,0,0,0,0,0,1, ,Free BOB Tokens - BobsRepair.com
260,0x1c2fb401d3dc4fd8131ccfc4589f281d58921402,1,0,0,0,0,0,0,0,0,0,0,0,0,0,0,0,0,0,0,0,0,0,0,1,1.337,0,0,0,1,0,1,0,0,0,0,1.337,1.337,1.337,0,0,0,0,0,0,0,1, ,Blockwell say NOTSAFU
261,0x1c39d6e0278d1a28ce21dbd73826559b010224e5,1,0,153.77,5303.88,1,15,0,15,1,0,1,0.407908,6.117766,6.117766,6.117766,0,0,0,16,6.117766,6.118627,0,0.000861,,,,,,,,,,,,,,,,,,,,,,,,,
262,0x1c40d1a1cac7c586b9509c565296f91c8441af9f,1,0,183.01,2990.05,1,7,0,6,1,0.001013,1.999832,0.656984,8.598025,8.598025,8.598025,0,0,0,8,8.59802451,4.59888551,0,-3.999139,1,1.337,0,0,0,1,0,1,0,0,0,0,1.337,1.337,1.337,0,0,0,0,0,0,0,1, ,Blockwell say NOTSAFU
263,0x1c50139c266559b29d7cb27635e0da13bef76a09,1,21858.69,256.14,47559.53,2,15,0,14,2,0.1,7,1.826433,12.9,14.49,13.695,0,0,0,17,27.39,27.39650235,0,0.006502353,2,973.8498197,0,0,0,2,0,2,0,0,0,0,1.337,972.51282,486.92491,0,0,0,0,0,0,0,2, ,XENON
264,0x1c6e3348a7ea72ffe6a384e51bd1f36ac1bcb4264f461889a318a3bb2251bf19,1,0,0,0,0,0,0,0,0,0,0,0,0,0,0,0,0,0,0,0,0,0,0,,,,,,,,,,,,,,,,,,,,,,,,,
265,0x1cbc864ea74e0f23f103df8623ba56a01b1eda59,1,828.66,380.77,13796.78,7,21,0,18,2,0.001997,10.946706,1.571955,1,6,4.714286,0,0,0,28,33,33.01104564,0,0.01104564,2,1.337,0,0,0,2,0,2,0,0,0,0,0,1.337,0.6685,0,0,0,0,0,0,0,2, ,GSENetwork
266,0x1ccc9b2769741ab0e1620721df7cf8ff1d70716b,1,9385.23,503.02,19776.5,2,2,0,2,2,0.40601,0.482274,0.444142,0.44,0.44,0.44,0,0,0,4,0.88,0.88828353,0,0.00828353,1,2.1274528,0,0,0,1,0,1,0,0,0,0,2.127453,2.127453,2.127453,0,0,0,0,0,0,0,1, ,Livepeer Token
267,0x1ccd65d573057c388ea96cc8be30c18a6d21185d,1,0,25190.81,176335.7,0,7,1,4,0,0,0,0,0,0,0,0,0,0,8,0,0,0,0,,,,,,,,,,,,,,,,,,,,,,,,,
268,0x1ccf09f238a9485de914022d47a99431b7ae9a2d,1,0,0,0,0,1,0,1,0,0.2,0.2,0.2,0,0,0,0,0,0,1,0,0.2,0,0.2,,,,,,,,,,,,,,,,,,,,,,,,,
269,0x1ce4312fdd45c9184a5561314122b2244bd862c9,1,1717.37,518.42,32434.38,5,46,0,35,2,0.0001,23.142071,1.125946,0.789189,30,10.357838,0,0,0,51,51.78918916,51.79349416,0,0.004305,1,1.337,0,0,0,1,0,1,0,0,0,0,1.337,1.337,1.337,0,0,0,0,0,0,0,1, ,Blockwell say NOTSAFU
270,0x1cea7999fdafe5d156952ebf1816e8aa67a5485e,1,0,176.57,7416.1,1,17,0,16,1,0.092292,5,1.236723,21.024082,21.024082,21.024082,0,0,0,18,21.0240825,21.0242925,0,0.00021,,,,,,,,,,,,,,,,,,,,,,,,,
271,0x1d024825cd31b78bb07caa42251b7ba3a71db9ef,1,0,1001.76,47115.17,1,8,0,8,1,0.045,9,2.004672,16.03633,16.03633,16.03633,0,0,0,9,16.03633,16.03738,0,0.00105,,,,,,,,,,,,,,,,,,,,,,,,,
272,0x1d138d1f0e8e5f67540b6054de7db08a610f85b4,1,0,0,0,0,0,0,0,0,0,0,0,0,0,0,0,0,0,0,0,0,0,0,1,1.337,0,0,0,1,0,1,0,0,0,0,1.337,1.337,1.337,0,0,0,0,0,0,0,1, ,Blockwell say NOTSAFU
273,0x1d2ba50dfa3c78da0e56f62d3a9e80a4d20da363,1,0,0,0,0,0,0,0,0,0,0,0,0,0,0,0,0,0,0,0,0,0,0,1,13.37,0,0,0,1,0,1,0,0,0,0,13.37,13.37,13.37,0,0,0,0,0,0,0,1, ,Blockwell say NOTSAFU
274,0x1d52e4636de8c16ffb25855be76630c7fb574e47,1,0,0,0,0,0,0,0,0,0,0,0,0,0,0,0,0,0,0,0,0,0,0,1,13.37,0,0,0,1,0,1,0,0,0,0,13.37,13.37,13.37,0,0,0,0,0,0,0,1, ,Blockwell say NOTSAFU
275,0x1d60606d8a09b5015d773a80b0c660bb8d91809c,1,349.14,914.86,131398.73,151,86,0,53,87,0.09874,267,24.043615,0,640,13.691473,0,0,0,237,2067.412365,2067.750892,0,0.338526609,314,1857620.998,1849925.36,0,14,80,0,72,0,0,0,0,0,416520.4729,9288.104992,0,402020.0229,16227.41544,0,0,0,55,70,TenXPay,MobileGo
276,0x1d6065940bfd6ac7c4ec1e2a35e1420e0a9c1bff,1,1332.92,915.84,9493.82,3,6,0,6,3,0.176378,2.191435,0.790186,0.076153,4.111061,1.579512,0,0,0,9,4.73853473,4.74111773,0,0.002583,1,1.337,0,0,0,1,0,1,0,0,0,0,1.337,1.337,1.337,0,0,0,0,0,0,0,1, ,Blockwell say NOTSAFU
277,0x1d64ea27764164debb4e891eb04d524f42904b08,1,0,9188.47,18376.95,0,2,1,2,0,0,0,0,0,0,0,0,0,0,3,0,0,0,0,,,,,,,,,,,,,,,,,,,,,,,,,
278,0x1d7821b0167c9eb24b49977d394fb5e4e2c9ab6f,1,0,15.54,71319.4,1,3,0,3,1,0.5,1.39,0.796667,2.389139,2.389139,2.389139,0,0,0,4,2.389139,2.39,0,0.000861,1,13.37,0,0,0,1,0,1,0,0,0,0,13.37,13.37,13.37,0,0,0,0,0,0,0,1, ,Blockwell say NOTSAFU
279,0x1d7bc400d3c6d9d37ec54d0e729cbadd06dc0390,1,0,479.7,8267.32,1,6,0,6,1,0.034931,50,10.327781,61.965635,61.965635,61.965635,0,0,0,7,61.96563483,61.96668483,0,0.00105,,,,,,,,,,,,,,,,,,,,,,,,,
280,0x1d82886f997d0b124dfab342558bc463299c8a6b,1,0,24941.28,174588.93,0,7,1,4,0,0,0,0,0,0,0,0,0,0,8,0,0,0,0,,,,,,,,,,,,,,,,,,,,,,,,,
281,0x1d8a1c911a7d7a9ca127b1b71ba906a1e01b6b4d,1,0,0,5465.45,1,1,0,1,1,1,1,1,0.99895,0.99895,0.99895,0,0,0,2,0.99895,1,0,0.00105,1,13.37,0,0,0,1,0,1,0,0,0,0,13.37,13.37,13.37,0,0,0,0,0,0,0,1, ,Blockwell say NOTSAFU
282,0x1de23f02e185fdc4f6bacc98d6c6419370e38538,1,0,60.26,1807.93,0,30,1,28,0,0.031,76,6.03313,0,0,0,0,0,0,31,0,180.9939065,0,180.9939065,,,,,,,,,,,,,,,,,,,,,,,,,
283,0x1dea82c5628ae89572a153a556312832ee33fda9,1,0,30472.9,182837.38,0,6,1,5,0,0,0,0,0,0,0,0,0,0,7,0,0,0,0,,,,,,,,,,,,,,,,,,,,,,,,,
284,0x1e071281416b20ac2cd50d2e8093b43f8526940a,1,9397.79,8.46,28878.6,3,81,0,32,3,0,14,0.574405,15.5,15.5,15.5,0,0,0,84,46.5,46.52680886,0,0.026808863,,,,,,,,,,,,,,,,,,,,,,,,,
285,0x1e1041d4e5e03d90e6350f8a239d8c0e9770f036,1,0,836.72,191025.85,1,3,0,3,1,0.194,2.120839,1.004946,3.01,3.01,3.01,0,0,0,4,3.01,3.014839,0,0.004839,1,13.37,0,0,0,1,0,1,0,0,0,0,13.37,13.37,13.37,0,0,0,0,0,0,0,1, ,Blockwell say NOTSAFU
286,0x1e12436889e2459202437077549e35b56f1299cb,1,0,0,0,0,0,0,0,0,0,0,0,0,0,0,0,0,0,0,0,0,0,0,,,,,,,,,,,,,,,,,,,,,,,,,
287,0x1e21312d1e05a13a7d4af51fff776b93d5324111,1,16867.04,319.45,52837.3,3,7,0,7,2,0.001395,0.99,0.565158,0.001,1,0.337653,0,0,0,10,1.01296,3.95610575,0,2.94314575,2,112.37,0,0,0,2,0,2,0,0,0,0,13.37,99,56.185,0,0,0,0,0,0,0,2, ,Blockwell say NOTSAFU
288,0x1e3c07ce10973fcaebc81468af1d3f390d2a4c71,1,3.53,11.22,1904.35,15,165,0,73,15,0.0001,5,1.18284,5.652031,100,13.110135,0,0,0,180,196.6520307,195.1686247,0,-1.483406,1,1.00E-12,0,0,0,1,0,1,0,0,0,0,0,0,0,0,0,0,0,0,0,0,1, ,www.pnztrust.com
289,0x1e442d0461bd7a52fadb9920f6ed5bb3cd8ff75d,1,0,352.7,8112.18,0,23,0,20,0,0.5,4.49,1.10693,0,0,0,0,0,0,23,0,25.4593893,0,25.4593893,4,100.337,0,0,0,4,0,4,0,0,0,0,0,99,25.08425,0,0,0,0,0,0,0,4, ,GSENetwork
290,0x1e67f055367bcbce045e1211f09355eb7411236f,1,0,54.55,37591.93,1,3,0,3,1,0.2,2,1.06,3.17979,3.17979,3.17979,0,0,0,4,3.17979,3.18,0,0.00021,2,63.6,0,0,0,2,0,2,0,0,0,0,0,63.6,31.8,0,0,0,0,0,0,0,2, ,VIU
291,0x1e711a766cd4ec07c590eef54a112190b4826b4e,1,549.32,4302.25,88334.5,12,19,0,12,12,0.01,0.4,0.136606,0.022192,0.882,0.235975,0,0,0,31,2.83170313,2.59551769,0,-0.23618544,1,100,0,0,0,1,0,1,0,0,0,0,100,100,100,0,0,0,0,0,0,0,1, ,blockwell.ai KYC Casper Token
292,0x1e75f03ff928bca6c1692179679afc0223d7824f,1,0,0,28095.67,1,1,0,1,1,13,13,13,12.99,12.99,12.99,0,0,0,2,12.99,13,0,0.01,,,,,,,,,,,,,,,,,,,,,,,,,
293,0x1e765c2fd0c3bb80d780f2b0e730b6cc3834bdfc,1,0,0,0,0,0,0,0,0,0,0,0,0,0,0,0,0,0,0,0,0,0,0,,,,,,,,,,,,,,,,,,,,,,,,,
294,0x1e80dad60d19fb8159af3f440a8ceaa0e5581847,1,14575.61,81.28,309420.08,21,41,0,35,20,0.007,257.675164,14.850349,0,607.5,28.992613,0,0,0,62,608.8448759,608.8643104,0,0.019434507,46,542184.4451,535265.6217,0,7,25,0,26,0,0,0,0,0,296935.582,17489.82081,0,296935.582,35684.37478,0,0,0,14,25,OmiseGO,Dao.Casino
295,0x1e857859deb11afd0ca7b760f21a3d8ddb03dbdf,1,13655.84,1362.96,94122.8,3,39,0,35,1,0.004337,10,0.963659,5,10.365175,6.788392,0,0,0,42,20.36517514,37.58271044,0,17.2175353,5,112.37,0,0,0,4,0,5,0,0,0,0,0,99,22.474,0,0,0,0,0,0,0,5, ,ERC20
296,0x1e89039e26c0b7f0e922011dbf3e16a230255cd8,1,0,94.19,11807.72,1,3,0,3,1,0.5,10,3.67,11.009475,11.009475,11.009475,0,0,0,4,11.009475,11.01,0,0.000525,1,1.337,0,0,0,1,0,1,0,0,0,0,1.337,1.337,1.337,0,0,0,0,0,0,0,1, ,Blockwell say NOTSAFU
297,0x1ec6ecc934ec1ad85bb4b579cfc53807da435a4d,1,294.77,0,884.32,3,1,0,1,1,1.659665,1.659665,1.659665,0.007082,1.64,0.552361,0,0,0,4,1.65708242,1.65966542,0,0.002583,1,1.337,0,0,0,1,0,1,0,0,0,0,1.337,1.337,1.337,0,0,0,0,0,0,0,1, ,Blockwell say NOTSAFU
298,0x1ee6b25a0e3f855a10916766df3a056e924e5dce,1,2960.78,551.15,389632.28,102,159,1,145,76,0.000926,10.03,0.156006,0,31.3,0.557883,0,0,0,262,56.9040457,24.80488701,0,-32.09915869,498,8224365.159,6068738.885,0,15,153,0,213,0,0,0,0,0,950000,18734.31699,0,1350000,102859.9811,0,0,0,56,211,blockwell.ai KYC Casper Token,Helbiz
299,0x1efd1b1ee8174b5421786ef0127ea45076307d8d,1,0,237.04,19235.95,1,14,0,12,1,0.05,5,1.84389,25.813593,25.813593,25.813593,0,0,0,15,25.81359262,25.81445362,0,0.000861,2,13.37,0,0,0,2,0,2,0,0,0,0,0,13.37,6.685,0,0,0,0,0,0,0,2, ,GSENetwork
300,0x1f319dd5015b1068f102912f970d63b9947e4cb0,1,1299.78,240.53,4861.48,3,4,0,4,3,0.0088,3.8,0.978815,0.000229,3.902121,1.304604,0,0,0,7,3.9138123,3.9152613,0,0.001449,1,13.37,0,0,0,1,0,1,0,0,0,0,13.37,13.37,13.37,0,0,0,0,0,0,0,1, ,Blockwell say NOTSAFU
301,0x1f6f1723d0db4e9783b7171392b6fa9ae1062fd9,1,6354.14,1029.29,248223.48,24,93,0,74,3,0,5,0.78055,0,20.794147,3.085582,0,0,0,117,74.05397228,72.59112288,0,-1.462849404,21,108.5777057,98.50000003,0,1,8,0,5,0,0,0,0,0,98.5,5.714616,0,98.5,49.25,0,0,0,2,5,VeChain,Tronix
302,0x2056d2e97cc9ad78cf527b382495a8b9704ce011,1,2652.37,20542.83,152433.02,11,6,0,3,10,0.025734,0.5,0.180373,0.004947,0.2,0.097889,0,0,0,17,1.076784452,1.08224072,0,0.005456268,2,19888,0,0,0,2,0,2,0,0,0,0,0,19888,9944,0,0,0,0,0,0,0,2, ,Yooba token
303,0x205906790a597972f97fccda132d89ee63f15c10,1,0,0,47.22,1,1,0,1,1,0.28,0.28,0.28,0.271667,0.271667,0.271667,0,0,0,2,0.2716667,0.28,0,0.0083333,1,1.337,0,0,0,1,0,1,0,0,0,0,1.337,1.337,1.337,0,0,0,0,0,0,0,1, ,Blockwell say NOTSAFU
304,0x2092b75719ec6f1dfe3f0d8c73239ad0297522be,1,0,779.08,3949.47,1,4,0,3,1,0.010018,0.855755,0.473175,1.89,1.89,1.89,0,0,0,5,1.89,1.892701946,0,0.002701946,1,1.337,0,0,0,1,0,1,0,0,0,0,1.337,1.337,1.337,0,0,0,0,0,0,0,1, ,Blockwell say NOTSAFU
305,0x215e7e7edefda37eb39df17b8b91da9a60d85530,1,0,86.62,346.47,0,4,0,3,0,0.567,5,2.35775,0,0,0,0,0,0,4,0,9.431,0,9.431,4,100.337,0,0,0,4,0,4,0,0,0,0,0,99,25.08425,0,0,0,0,0,0,0,4, ,GSENetwork
306,0x21693c903aad555ae5188f7813108c61722b94a8,1,31.58,0,94.73,3,1,0,1,3,11,11,11,1,5,3.666184,0,0,0,4,10.998551,11,0,0.001449,,,,,,,,,,,,,,,,,,,,,,,,,
307,0x216dc48f74bacc2a1ae7c064fd22cb542a70088e,1,449.85,252.12,3959.73,6,5,0,5,5,0.314471,1.99,0.839179,0.00311,3.370869,0.698833,0,0,0,11,4.19299807,4.19589607,0,0.002898,,,,,,,,,,,,,,,,,,,,,,,,,
308,0x21918461c6aeca5eaec825b4746d64a0d4028df6,1,9687.6,53.36,51479.77,5,57,0,55,4,0.1,17,2.436537,13.08,35.8,27.776,0,0,0,62,138.88,138.882617,0,0.00261698,4,785.0377449,0,0,0,4,0,4,0,0,0,0,0,768.653004,196.259436,0,0,0,0,0,0,0,4, ,XENON
309,0x21cb3b2f1145d96fe2d1228f027b3ba5edc6fa79,1,0,0,0,0,0,0,0,0,0,0,0,0,0,0,0,0,0,0,0,0,0,0,1,13.37,0,0,0,1,0,1,0,0,0,0,13.37,13.37,13.37,0,0,0,0,0,0,0,1, ,Blockwell say NOTSAFU
310,0x21d4e8fc08cad9a269e66b5f81201a8edc16c231,1,0,0,0,0,0,0,0,0,0,0,0,0,0,0,0,0,0,0,0,0,0,0,,,,,,,,,,,,,,,,,,,,,,,,,
311,0x21e951767e23b428e8ff023dce7e6c6923dfcdeb,1,0,0,0,0,0,0,0,0,0,0,0,0,0,0,0,0,0,0,0,0,0,0,1,13.37,0,0,0,1,0,1,0,0,0,0,13.37,13.37,13.37,0,0,0,0,0,0,0,1, ,Blockwell say NOTSAFU
312,0x2202bce02f8a5944c1fdf2bd20fcf607f30389ab,1,0,0,0,0,0,0,0,0,0,0,0,0,0,0,0,0,0,0,0,0,0,0,1,13.37,0,0,0,1,0,1,0,0,0,0,13.37,13.37,13.37,0,0,0,0,0,0,0,1, ,Blockwell say NOTSAFU
313,0x2223d0e991e67830f9184171e2f5a44c1f0dee09,1,0,72.93,125972.95,1,33,0,31,1,0.001019,8.462422,1.06348,35.092884,35.092884,35.092884,0,0,0,34,35.09288382,35.09483682,0,0.001953,2,2.10E-11,0,0,0,2,0,2,0,0,0,0,0,0,0,0,0,0,0,0,0,0,2, ,An Etheal Promo
314,0x22374a2e9e19bcea56e64f9de3329670cd1a458c,1,0,0,0,0,0,0,0,0,0,0,0,0,0,0,0,0,0,0,0,0,0,0,1,1.337,0,0,0,1,0,1,0,0,0,0,1.337,1.337,1.337,0,0,0,0,0,0,0,1, ,Blockwell say NOTSAFU
315,0x2246d2b56c283ea88fedca9c1f81bfa411bf2d9c,1,0,0,91337.77,1,1,0,1,1,0.5,0.5,0.5,0.499139,0.499139,0.499139,0,0,0,2,0.499139,0.5,0,0.000861,,,,,,,,,,,,,,,,,,,,,,,,,
316,0x224b9f4666472682f3e805f4dc1e0fc39b7b96fb,1,3263.49,743.39,28791.53,7,8,0,6,5,0.05,3.502538,1.097669,0.108725,4.497821,1.253162,0,0,0,15,8.77213341,8.78135241,0,0.009219,2,1.337,0,0,0,2,0,2,0,0,0,0,0,1.337,0.6685,0,0,0,0,0,0,0,2, ,Blockwell say NOTSAFU
317,0x2268751eafc860781074d25f4bd10ded480310b9,1,5301.21,63.27,285646.08,53,74,0,63,50,0.002387,880,15.558149,0,1150.8,21.721885,0,0,0,127,1151.25988,1151.303026,0,0.043146035,149,568470.4338,553108.9758,0,8,76,0,52,0,0,0,0,0,367381.5336,4858.721656,0,408105.4846,17284.65549,0,0,0,30,52,TenXPay,OmiseGO
318,0x2271a88623266069352196363c1e54f61c5141e1,1,0,73.97,779.07,1,3,0,3,1,0.59,1.014774,0.868258,2.604354,2.604354,2.604354,0,0,0,4,2.60435396,2.60477396,0,0.00042,1,1.337,0,0,0,1,0,1,0,0,0,0,1.337,1.337,1.337,0,0,0,0,0,0,0,1, ,Blockwell say NOTSAFU
319,0x2276f412d2ae5dc2cdc293b0df70a8273f6f6771,1,2393.43,76.14,28873.43,12,2,0,2,12,0.57,0.685292,0.627646,0.02109,0.650999,0.10441,0,0,0,14,1.252924796,1.25529242,0,0.002367624,1,1.337,0,0,0,1,0,1,0,0,0,0,1.337,1.337,1.337,0,0,0,0,0,0,0,1, ,Blockwell say NOTSAFU
320,0x227ba10622303ec48d0f12c9ed96a59553b599bd,1,2126.21,1670.14,23234.15,7,5,0,5,7,0.5,3.8,1.245294,0.4,1.524159,0.889166,0,0,0,12,6.224159052,6.226469052,0,0.00231,2,1500,0,0,0,2,0,2,0,0,0,0,0,1500,750,0,0,0,0,0,0,0,2, ,Free BOB Tokens - BobsRepair.com
321,0x2299c90980777bb9ebf2d8d58a92cb3ab7f7faa0,1,0,0,0,0,0,0,0,0,0,0,0,0,0,0,0,0,0,0,0,0,0,0,1,1.337,0,0,0,1,0,1,0,0,0,0,1.337,1.337,1.337,0,0,0,0,0,0,0,1, ,Blockwell say NOTSAFU
322,0x22cff91f77a2ed675f3ab4aee16e15b27f6f275c,1,0,16.44,7199.33,0,438,1,147,0,0,5,0.408854,0,0,0,0,0,0,439,0,179.0779,0,179.0779,,,,,,,,,,,,,,,,,,,,,,,,,
323,0x22eb0b23e5ad7ef827aff13b2e40ed63e277844e,1,2208.24,6248.11,214472.72,66,11,0,8,18,0.005,0.2,0.041487,0,0.237,0.004558,0,0,0,77,0.3008,0.456360644,0,0.155560644,57,3470.383789,2220.378189,0,15,20,0,17,0,0,0,0,0,2184.300341,138.815352,0,2184.300341,69.386818,0,0,0,16,17,minereum,Bounty
324,0x233772b61331e4355c5a3acb1ede5f0793eb273a,1,0,0,0,0,0,0,0,0,0,0,0,0,0,0,0,0,0,0,0,0,0,0,1,1.337,0,0,0,1,0,1,0,0,0,0,1.337,1.337,1.337,0,0,0,0,0,0,0,1, ,Blockwell say NOTSAFU
325,0x23397c5d9c6363d67b3a294b677f80f93949bf56,1,150.65,47.15,1451.25,4,18,0,16,4,0.013821,9.994,1.261819,1.109295,7.3,5.677324,0,0,0,22,22.70929534,22.71273934,0,0.003444,1,1.337,0,0,0,1,0,1,0,0,0,0,1.337,1.337,1.337,0,0,0,0,0,0,0,1, ,Blockwell say NOTSAFU
326,0x233ae9c0fb89305756ea856e673a0f80229eb33f,1,0,0,376.58,1,1,0,1,1,0.2,0.2,0.2,0.19979,0.19979,0.19979,0,0,0,2,0.19979,0.2,0,0.00021,1,13.37,0,0,0,1,0,1,0,0,0,0,13.37,13.37,13.37,0,0,0,0,0,0,0,1, ,Blockwell say NOTSAFU
327,0x23667058d0cd398ff8d25e015c86322644c7783d,1,169.62,116.51,3634.07,7,21,0,15,4,0.005,4,0.949525,0.0323,10.729662,2.848122,0,0,0,28,19.93685475,19.94002575,0,0.003171,,,,,,,,,,,,,,,,,,,,,,,,,
328,0x237abde05ac2f992a44436bfee8b3219a329c5a0,1,0,0,0,0,0,0,0,0,0,0,0,0,0,0,0,0,0,0,0,0,0,0,,,,,,,,,,,,,,,,,,,,,,,,,
329,0x23d56797f64640e96feaf57b7874c897b53ef0e4,1,244870.71,802.12,571557.68,2,102,0,80,2,0,5,0.843243,0,3.325,1.6625,0,0,0,104,3.325,86.01082349,0,82.68582349,11,1969.153252,2.153251761,0,1,7,0,10,0,0,0,0,0,1500,196.915325,2.153252,2.153252,2.153252,0,0,0,1,10,Livepeer Token,Free BOB Tokens - BobsRepair.com
330,0x23e34bbccb320951d8d5db864cce0ba9452ae663,1,0,0,0,0,0,0,0,0,0,0,0,0,0,0,0,0,0,0,0,0,0,0,1,13.37,0,0,0,1,0,1,0,0,0,0,13.37,13.37,13.37,0,0,0,0,0,0,0,1, ,Blockwell say NOTSAFU
331,0x23f1909f7a65cba4d2a4a42ee1ba7d9772c3ba93,1,0,0,0,0,1,0,1,0,0.4,0.4,0.4,0,0,0,0,0,0,1,0,0.4,0,0.4,,,,,,,,,,,,,,,,,,,,,,,,,
332,0x240e125c20a4cc84bd6e7f8d1fd07aff4c06d43d,1,0,672.04,117151.62,1,4,0,4,1,0.002199,1,0.47555,1.9,1.9,1.9,0,0,0,5,1.9,1.902199485,0,0.002199485,3,311.1916233,0,0,0,3,0,3,0,0,0,0,0.201367,309.653256,103.730541,0,0,0,0,0,0,0,3, ,XENON
333,0x24328c35066c61523e03ac14996131aef4b3f525,1,0,0,0,0,0,0,0,0,0,0,0,0,0,0,0,0,0,0,0,0,0,0,1,13.37,0,0,0,1,0,1,0,0,0,0,13.37,13.37,13.37,0,0,0,0,0,0,0,1, ,Blockwell say NOTSAFU
334,0x2457119f041c0da24f05a4cfa9851446c224bfa8,1,0,1523.72,7720.47,1,2,0,2,1,0.22,1.36871,0.794355,2.587849,2.587849,2.587849,0,0,0,3,2.58784858,1.58870958,0,-0.999139,,,,,,,,,,,,,,,,,,,,,,,,,
335,0x247733af8b2bb8e63e3a2a419761c0fd71d40499,1,0,0,0,0,0,0,0,0,0,0,0,0,0,0,0,0,0,0,0,0,0,0,,,,,,,,,,,,,,,,,,,,,,,,,
336,0x24aa18952e80707dad3ab4c9c97e787f2af337ca,1,5025.25,1503.81,79890.15,15,3,0,3,5,0.011799,0.908,0.469933,0,1.39,0.180914,0,0,0,18,2.713708793,1.409799173,0,-1.30390962,3,2.58E-08,2.58E-08,0,1,1,0,1,0,0,0,0,0,0,0,0,0,0,0,0,0,1,1,Tronix,Tronix
337,0x24c00035b050bec633287c2babfbb9f4fe3c8a83,1,0,0,0,0,0,0,0,0,0,0,0,0,0,0,0,0,0,0,0,0,0,0,,,,,,,,,,,,,,,,,,,,,,,,,
338,0x24f7ea54d9cdb021c0788caab3c1796aa8b2c161,1,0,158.08,7884.8,1,7,0,5,1,0.49,1.077996,0.584804,4.092768,4.092768,4.092768,0,0,0,8,4.09276774,4.09362874,0,0.000861,1,1.337,0,0,0,1,0,1,0,0,0,0,1.337,1.337,1.337,0,0,0,0,0,0,0,1, ,Blockwell say NOTSAFU
339,0x2511a5cf945e1cda14e3210d2a56ea0de1d3e031,1,2465.93,0,7397.8,3,1,0,1,3,0.2,0.2,0.2,0.02658,0.086668,0.066583,0,0,0,4,0.199748,0.2,0,0.000252,1,1.337,0,0,0,1,0,1,0,0,0,0,1.337,1.337,1.337,0,0,0,0,0,0,0,1, ,Blockwell say NOTSAFU
340,0x2519a00724ca9d3cdf1fe5f9995d2ee886f48fea,1,0,0,0,0,0,0,0,0,0,0,0,0,0,0,0,0,0,0,0,0,0,0,1,13.37,0,0,0,1,0,1,0,0,0,0,13.37,13.37,13.37,0,0,0,0,0,0,0,1, ,Blockwell say NOTSAFU
341,0x2557024c47835506da3acaaf3091565ce6952d28,1,13284.12,481.75,52377.8,3,26,0,19,3,0,5,0.776908,0.2,10.497029,6.89901,0,0,0,29,20.69702866,20.19961166,0,-0.497417,2,1500,0,0,0,2,0,2,0,0,0,0,0,1500,750,0,0,0,0,0,0,0,2, ,Free BOB Tokens - BobsRepair.com
342,0x257890939f7c0b758897f7bd49a590b7190043e0,1,2325.08,163.21,6771.82,2,13,0,11,1,0.234043,7.9973,1.72973,3,19.484771,11.242386,0,0,0,15,22.48477125,22.48649325,0,0.001722,86,173.556,0,0,0,65,0,78,0,0,0,0,0,30,2.018093,0,0,0,0,0,0,0,76, ,Hash Power Token
343,0x259510f83370e261ff018cf973d0e80ff64cf1b5,1,0,0,0,0,0,0,0,0,0,0,0,0,0,0,0,0,0,0,0,0,0,0,1,13.37,0,0,0,1,0,1,0,0,0,0,13.37,13.37,13.37,0,0,0,0,0,0,0,1, ,Blockwell say NOTSAFU
344,0x259a0af5bb419bcea7e5aaeb0bed2e98bd8a11b3,1,0,0,0,0,0,0,0,0,0,0,0,0,0,0,0,0,0,0,0,0,0,0,,,,,,,,,,,,,,,,,,,,,,,,,
345,0x259efb559a5d9ed64ccf44bd5188b325dc4738c8,1,0,0,5.28,1,1,0,1,1,0.499034,0.499034,0.499034,0.498824,0.498824,0.498824,0,0,0,2,0.498824,0.499034,0,0.00021,,,,,,,,,,,,,,,,,,,,,,,,,
346,0x25ce2252a80c1c4fdf12fd9c608858c23b3094ef,1,0,0,90490.12,1,1,0,1,1,0.112873,0.112873,0.112873,0.112012,0.112012,0.112012,0,0,0,2,0.11201204,0.11287304,0,0.000861,,,,,,,,,,,,,,,,,,,,,,,,,
347,0x25dc5894db8ef7f7ff7096ea73b890c1a188d549,1,0,0,0,0,0,0,0,0,0,0,0,0,0,0,0,0,0,0,0,0,0,0,3,3.00E-14,0,0,0,3,0,3,0,0,0,0,0,0,0,0,0,0,0,0,0,0,3, ,FinallyUsableCryptoKarma
348,0x25f754ade28ec1ed771ee22efeaed764847181e3,1,54632.48,5115.53,129727.1,2,4,0,3,1,0.00027,0.009,0.003067,0.00227,0.00874,0.005505,0,0,0,6,0.01100957,0.01226957,0,0.00126,,,,,,,,,,,,,,,,,,,,,,,,,
349,0x25f8b4acd2c37d7ebae0066fdf9f13f327c0c4eb,1,0,0,0,0,0,0,0,0,0,0,0,0,0,0,0,0,0,0,0,0,0,0,,,,,,,,,,,,,,,,,,,,,,,,,
350,0x265f38529e6b8c157d9976b2665baffdb0280f0c,1,0,0,0,0,0,0,0,0,0,0,0,0,0,0,0,0,0,0,0,0,0,0,,,,,,,,,,,,,,,,,,,,,,,,,
351,0x26a022e559ec404c142ec873f1cde696ac97915b,1,0,255.88,2283.32,1,2,0,2,1,0.99,1.999601,1.4948,2.989391,2.989391,2.989391,0,0,0,3,2.989391,2.989601,0,0.00021,1,13.37,0,0,0,1,0,1,0,0,0,0,13.37,13.37,13.37,0,0,0,0,0,0,0,1, ,Blockwell say NOTSAFU
352,0x26ba821222ee3b7b77f83cf1411dc5105bf2e499,1,0,0,87573.27,1,1,0,1,1,0.01,0.01,0.01,0.009139,0.009139,0.009139,0,0,0,2,0.009139,0.01,0,0.000861,1,1.337,0,0,0,1,0,1,0,0,0,0,1.337,1.337,1.337,0,0,0,0,0,0,0,1, ,Blockwell say NOTSAFU
353,0x26bf2ea373496c1e4b91c49965cd58c60712787c,1,0,0,0,0,0,0,0,0,0,0,0,0,0,0,0,0,0,0,0,0,0,0,1,1.337,0,0,0,1,0,1,0,0,0,0,1.337,1.337,1.337,0,0,0,0,0,0,0,1, ,Blockwell say NOTSAFU
354,0x26f7eb488661c33c43089ad61944f3231222b32f,1,3321.02,7004.18,51988.15,3,6,0,6,2,0.008852,2.0013,0.707393,1,2.0854,1.3618,0,0,0,9,4.0854,4.24436019,0,0.15896019,2,2.048497136,0,0,0,2,0,2,0,0,0,0,0,2.048497,1.024249,0,0,0,0,0,0,0,2, ,Livepeer Token
355,0x27075c2f55bd05c8f7009e8b5a1d3cf131806dd5,1,0,0,0,0,0,0,0,0,0,0,0,0,0,0,0,0,0,0,0,0,0,0,1,1.337,0,0,0,1,0,1,0,0,0,0,1.337,1.337,1.337,0,0,0,0,0,0,0,1, ,Blockwell say NOTSAFU
356,0x273730ff234b4bd238ce9751bedda309a946d6a6,1,528.17,178.08,1590.58,2,3,0,3,2,0.000001,0.599,0.366334,0.548307,0.5495,0.548904,0,0,0,5,1.09780702,1.099001,0,0.00119398,1,13.37,0,0,0,1,0,1,0,0,0,0,13.37,13.37,13.37,0,0,0,0,0,0,0,1, ,Blockwell say NOTSAFU
357,0x2779554418f66834a811f2beabb0151474b9c67d,1,5782.63,1320.93,35840.87,3,14,0,13,3,0.001,1,0.3769,0.898886,3.375608,1.757815,0,0,0,17,5.273444112,5.276594112,0,0.00315,1,1.337,0,0,0,1,0,1,0,0,0,0,1.337,1.337,1.337,0,0,0,0,0,0,0,1, ,Blockwell say NOTSAFU
358,0x2784574e2405a7d3be1259b5f00412ae652018f4,1,0,54.28,265139.1,1,12,0,11,1,0.009,5.297073,1.482638,17.79079,17.79079,17.79079,0,0,0,13,17.79078955,17.79165055,0,0.000861,1,100,0,0,0,1,0,1,0,0,0,0,100,100,100,0,0,0,0,0,0,0,1, ,blockwell.ai KYC Casper Token
359,0x2789b7b3557f39643198433daebf6b43512be65b,1,323.86,136.68,5770.12,6,28,0,26,6,0.0095,2,0.487614,0.153089,12.66333,2.274403,0,0,0,34,13.64641888,13.65319388,0,0.006775,1,17109,0,0,0,1,0,1,0,0,0,0,17109,17109,17109,0,0,0,0,0,0,0,1, ,CANDY
360,0x27ec5a27e521364699b870e5d8b5245d97cd0031,1,0,0,72931.73,1,1,0,1,1,0.554919,0.554919,0.554919,0.553919,0.553919,0.553919,0,0,0,2,0.55391869,0.55491869,0,0.001,1,1.337,0,0,0,1,0,1,0,0,0,0,1.337,1.337,1.337,0,0,0,0,0,0,0,1, ,Blockwell say NOTSAFU
361,0x27f897ebeed82240734489d52aa7e39a8ca257e9,1,0,53.22,14852.18,1,24,0,18,1,0.02,30,2.013145,48.864611,48.864611,48.864611,0,0,0,25,48.86461145,48.31547245,0,-0.549139,1,1.337,0,0,0,1,0,1,0,0,0,0,1.337,1.337,1.337,0,0,0,0,0,0,0,1, ,Blockwell say NOTSAFU
362,0x27fddd724fe2a47025444e2e5b02e30899c3b871,1,0,0,0,0,0,0,0,0,0,0,0,0,0,0,0,0,0,0,0,0,0,0,,,,,,,,,,,,,,,,,,,,,,,,,
363,0x2804e8b4c04c655376d18ada84d46fc345240e0a,1,0,0,16906.57,1,1,0,1,1,0.3001,0.3001,0.3001,0.299659,0.299659,0.299659,0,0,0,2,0.299659,0.3001,0,0.000441,1,6.002,0,0,0,1,0,1,0,0,0,0,6.002,6.002,6.002,0,0,0,0,0,0,0,1, ,VIU
364,0x2831f460a932f3b7b44fb90ffcd7fddaddf4c980,1,0,0,0,0,0,0,0,0,0,0,0,0,0,0,0,0,0,0,0,0,0,0,,,,,,,,,,,,,,,,,,,,,,,,,
365,0x285cfe87f4ad22228a625dcd1f64b2bc6b27ecff,1,0,0,0,0,0,0,0,0,0,0,0,0,0,0,0,0,0,0,0,0,0,0,,,,,,,,,,,,,,,,,,,,,,,,,
366,0x28906b932cf61c99efc12615f4852bd2d512d8a2,1,0,52.96,6680.95,1,6,0,6,1,0.002467,1.99958,0.669629,4.016724,4.016724,4.016724,0,0,0,7,4.01672428,4.01777428,0,0.00105,1,1.337,0,0,0,1,0,1,0,0,0,0,1.337,1.337,1.337,0,0,0,0,0,0,0,1, ,Blockwell say NOTSAFU
367,0x289f70e8c29657e574de9cf78d74cb20f674936a,1,6907.25,1929.7,28440.57,3,4,0,4,2,0.5,1.996,1.011468,0.01,3.545013,1.348309,0,0,0,7,4.0449269,4.045874,0,0.0009471,1,13.37,0,0,0,1,0,1,0,0,0,0,13.37,13.37,13.37,0,0,0,0,0,0,0,1, ,Blockwell say NOTSAFU
368,0x28a6d6e41fcca5b003f22ceba48aa689325dd62b,1,89.05,167.97,4308.55,5,23,0,21,3,0.014468,10,1.387076,0.4995,10.99991,6.380062,0,0,0,28,31.90031,31.90275205,0,0.00244205,1,1.337,0,0,0,1,0,1,0,0,0,0,1.337,1.337,1.337,0,0,0,0,0,0,0,1, ,Blockwell say NOTSAFU
369,0x28f45192fd495bd9cbb312a6080d086d14481ebc,1,4841.83,970.14,13564.22,2,4,0,3,2,0.5,1.38805,0.875013,0.17,3.328328,1.749164,0,0,0,6,3.49832837,3.50005037,0,0.001722,1,13.37,0,0,0,1,0,1,0,0,0,0,13.37,13.37,13.37,0,0,0,0,0,0,0,1, ,Blockwell say NOTSAFU
370,0x2903e9f1d81fac8ccc313b5b496f2db7db6750b6,1,5.7,7655.89,22984.77,3,3,0,3,3,0.115475,0.3,0.205158,0.114635,0.29916,0.204318,0,0,0,6,0.612955,0.615475,0,0.00252,1,1,0,0,0,1,0,1,0,0,0,0,1,1,1,0,0,0,0,0,0,0,1, ,WhalesburgToken
371,0x2914c01d6589b3b52a065a9d9cda539ca765a311,1,708.13,809.38,11431.97,7,8,0,8,6,0.041384,4.499139,0.987099,0.1,4.302371,1.12804,0,0,0,15,7.89627944,7.89678839,0,0.00050895,,,,,,,,,,,,,,,,,,,,,,,,,
372,0x297a88c749273f2de6a378a6015dd624d993c671,1,0,160.56,403543.47,1,18,0,18,1,0,7.85142,1.825921,32.86571,32.86571,32.86571,0,0,0,19,32.86570956,32.86657056,0,0.000861,5,100.337,0,0,0,4,0,5,0,0,0,0,0,99,20.0674,0,0,0,0,0,0,0,5, ,ERC20
373,0x299628fd380813622305517e64eee89bb6a49ca3,1,0,0,0,0,0,0,0,0,0,0,0,0,0,0,0,0,0,0,0,0,0,0,1,1.337,0,0,0,1,0,1,0,0,0,0,1.337,1.337,1.337,0,0,0,0,0,0,0,1, ,Blockwell say NOTSAFU
374,0x29aaa966321f7d82e119bbc965a58cb62d703445,1,0,0,13183.12,1,1,0,1,1,0.64,0.64,0.64,0.639139,0.639139,0.639139,0,0,0,2,0.639139,0.64,0,0.000861,1,1.337,0,0,0,1,0,1,0,0,0,0,1.337,1.337,1.337,0,0,0,0,0,0,0,1, ,Blockwell say NOTSAFU
375,0x29c3adf6f50e2186c21f5ebb1ac073115831286e,1,0,49.74,247745.63,1,32,0,24,1,0.08281,8,1.204291,39.036463,39.036463,39.036463,0,0,0,33,39.03646299,38.53732399,0,-0.499139,4,1.337,0,0,0,3,0,4,0,0,0,0,0,1.337,0.33425,0,0,0,0,0,0,0,4, ,GSENetwork
376,0x29e225d888cf11c5e67613bffd30bcf071eb3d4a,1,1789.2,161.94,141592.17,69,112,0,98,56,0.003904,25.001033,1.079788,0,102,1.751049,0,0,0,181,120.8223849,120.9362285,0,0.113843652,222,359533.0753,333170.666,0,8,88,0,69,0,0,0,0,0,53901.02099,2233.124691,0,92248.33556,5461.814197,0,0,0,53,69,Tronix,Tronix
377,0x2a0055bd440ebc26fd466d7ee04ca293300beff4,1,0,0,0,0,0,0,0,0,0,0,0,0,0,0,0,0,0,0,0,0,0,0,1,13.37,0,0,0,1,0,1,0,0,0,0,13.37,13.37,13.37,0,0,0,0,0,0,0,1, ,Blockwell say NOTSAFU
378,0x2a1cbda9f24255ff3489561af72342871c06b7a3,1,282.9,0,565.8,2,1,0,1,2,0.586842,0.586842,0.586842,0,0.584307,0.292153,0,0,0,3,0.584306797,0.58684236,0,0.002535563,3,54.30196,52.96496,0,1,2,0,2,0,0,0,0,1.337,52.96496,27.15098,52.96496,52.96496,52.96496,0,0,0,1,2,EOS,Blockwell say NOTSAFU
379,0x2a206bca8ee7c324af1b67ae05373a59a3d4502d,1,0,1808.34,33475.32,1,15,0,15,1,0.001457,4.5,0.833492,12.49,12.49,12.49,0,0,0,16,12.49,12.50238354,0,0.01238354,1,1.20E-13,0,0,0,1,0,1,0,0,0,0,0,0,0,0,0,0,0,0,0,0,1, ,GSENetwork
380,0x2a21180d900cddc46416117903edc0ee83286408,1,0,34.59,3895.85,1,2,0,2,1,0.007,0.5,0.2535,0.506,0.506,0.506,0,0,0,3,0.506,0.507,0,0.001,1,100,0,0,0,1,0,1,0,0,0,0,100,100,100,0,0,0,0,0,0,0,1, ,blockwell.ai KYC Casper Token
381,0x2a37a183eb7f18cae3fcb967404e472729f21e96,1,0,292.04,35491.88,1,2,0,2,1,0.796197,1,0.898098,1.79,1.79,1.79,0,0,0,3,1.79,1.79619682,0,0.00619682,2,13.37,100,0,1,1,0,1,0,0,0,0,13.37,13.37,13.37,100,100,100,0,0,0,1,1,blockwell.ai KYC Casper Token,Blockwell say NOTSAFU
382,0x2a6c7867e605d0f0f940cec1669d98a33cf4c299,1,3032.95,369.49,15457.23,4,9,0,5,3,0.0338,5,1.520829,0.0823,6.348,3.421004,0,0,0,13,13.6840147,13.6874587,0,0.003444,1,2.147329183,0,0,0,1,0,1,0,0,0,0,2.147329,2.147329,2.147329,0,0,0,0,0,0,0,1, ,Livepeer Token
383,0x2a6d8021861f27ab992572d8689017b7a83c989d,1,47546.31,478.62,313026.68,3,356,0,319,2,0,29.43,1.614901,5,369.26221,191.087403,0,0,0,359,573.26221,574.9047121,0,1.64250206,7,41247.29108,0,0,0,7,0,7,0,0,0,0,0,41046,5892.470155,0,0,0,0,0,0,0,7, ,CargoX
384,0x2a7d04018d7295d8069ec9721ee415c4bdc57909,1,0,0,0,0,0,0,0,0,0,0,0,0,0,0,0,0,0,0,0,0,0,0,1,1.337,0,0,0,1,0,1,0,0,0,0,1.337,1.337,1.337,0,0,0,0,0,0,0,1, ,Blockwell say NOTSAFU
385,0x2aa40bb0993b5a2d00da4c1cd9555c626974c1a9,1,0,0,40.28,1,1,0,1,1,2,2,2,1.999013,1.999013,1.999013,0,0,0,2,1.999013,2,0,0.000987,,,,,,,,,,,,,,,,,,,,,,,,,
386,0x2af0b9190aa127c1989886670481381b5b549985,1,102467.25,275.64,206037.05,2,4,0,4,2,0.039139,2.983513,1.005663,0.1,3.92093,2.010465,0,0,0,6,4.02093021,4.02265221,0,0.001722,2,1.337,0,0,0,2,0,2,0,0,0,0,0,1.337,0.6685,0,0,0,0,0,0,0,2, ,Blockwell say NOTSAFU
387,0x2b065809f6ec6df32878bcd26711a0e2bcf59c26,1,1177.18,4572.9,41835.18,20,4,0,3,18,0.1,147,37.318312,0,75,7.462902,0,0,0,24,149.2580427,149.273246,0,0.015203328,24,46143.32711,46143.32711,0,2,3,0,12,0,0,0,0,0,27000,3845.277259,0,27000,3845.277259,0,0,0,12,12,Humaniq,Humaniq
388,0x2b164ae662a0ab1832c87cb4a226efec56219fb6,1,688.73,890.22,22508.33,12,16,0,15,10,0,5,0.943436,0.011635,9.657646,1.25716,0,0,0,28,15.08592459,15.09497769,0,0.009053091,2,1.337,0,0,0,2,0,2,0,0,0,0,0,1.337,0.6685,0,0,0,0,0,0,0,2, ,GSENetwork
389,0x2b1c266e2a39a7a30aed472fad47d6b6ab953f7e,1,4069.75,6002.18,70708.35,10,5,0,5,7,0.0001,1.000565,0.400133,0.008,0.69,0.201193,0,0,0,15,2.01193405,2.00066502,0,-0.01126903,1,1.337,0,0,0,1,0,1,0,0,0,0,1.337,1.337,1.337,0,0,0,0,0,0,0,1, ,Blockwell say NOTSAFU
390,0x2b22b2c65b185182786f087c1a0035b5ed76bbb7,1,0,6534.48,71879.33,0,11,1,1,0,0,0.1,0.031818,0,0,0,0,0,0,12,0,0.35,0,0.35,1,0,100,0,1,0,0,0,0,0,0,0,0,0,0,100,100,100,0,0,0,1,0,blockwell.ai KYC Casper Token, 
391,0x2b3f15a55a68c4c81ae8331c2fe8e90008993f51,1,0,128.95,4714.13,1,3,0,3,1,0.1,1.5,0.866667,2.59,2.59,2.59,0,0,0,4,2.59,2.6,0,0.01,,,,,,,,,,,,,,,,,,,,,,,,,
392,0x2b5268fde5041f6b1afd77166de4e9ea5d9e967a,1,0,774.55,5384.82,1,5,0,3,1,0.1,3.000746,1.095115,5.474715,5.474715,5.474715,0,0,0,6,5.47471495,5.47557595,0,0.000861,,,,,,,,,,,,,,,,,,,,,,,,,
393,0x2b5d022d3396c412a58c7be8897bc8d3e0c823c3,1,0,0,0,0,0,0,0,0,0,0,0,0,0,0,0,0,0,0,0,0,0,0,1,13.37,0,0,0,1,0,1,0,0,0,0,13.37,13.37,13.37,0,0,0,0,0,0,0,1, ,Blockwell say NOTSAFU
394,0x2bcc8aefa2fc9d8e52dad098778bb0a8d08a4aa3,1,0,4183.66,8370.82,1,2,0,2,1,0.004711,0.016,0.010355,0.02,0.02,0.02,0,0,0,3,0.02,0.02071068,0,0.00071068,,,,,,,,,,,,,,,,,,,,,,,,,
395,0x2bd267ad20e8c42c85f9c16fd4c6f24770dc492c,1,0,0,0,0,0,0,0,0,0,0,0,0,0,0,0,0,0,0,0,0,0,0,,,,,,,,,,,,,,,,,,,,,,,,,
396,0x2c05d74cd9f878b9834a50092043bde944a60ef8,1,0,0,0,0,0,0,0,0,0,0,0,0,0,0,0,0,0,0,0,0,0,0,,,,,,,,,,,,,,,,,,,,,,,,,
397,0x2c11e2b870472a32027500bf0facceb7200e768b,1,0,475.84,12716.13,1,3,0,3,1,0.7,10,3.9,11.69895,11.69895,11.69895,0,0,0,4,11.69895,11.7,0,0.00105,1,13.37,0,0,0,1,0,1,0,0,0,0,13.37,13.37,13.37,0,0,0,0,0,0,0,1, ,Blockwell say NOTSAFU
398,0x2c1df1d2b053e2bf89bb5251af392bc962326e51,1,0,0,0,0,0,0,0,0,0,0,0,0,0,0,0,0,0,0,0,0,0,0,1,1.337,0,0,0,1,0,1,0,0,0,0,1.337,1.337,1.337,0,0,0,0,0,0,0,1, ,Blockwell say NOTSAFU
399,0x2c30e423d30e78c416b3d8938e2e14d09af4753f,1,0,0,0,0,0,0,0,0,0,0,0,0,0,0,0,0,0,0,0,0,0,0,,,,,,,,,,,,,,,,,,,,,,,,,
